date,ticker,issue,severity,max_flat_run,n_extreme_jumps,n_nan,n_zero,n_negative
2018-10-19,AXON.OQ,flat_run,LOW,10.0,,,,
2018-10-22,VICI.N,flat_run,LOW,10.0,,,,
2018-10-23,AXON.OQ,flat_run,MEDIUM,20.0,,,,
2018-10-23,ENPH.OQ,flat_run,LOW,10.0,,,,
2018-10-25,AXON.OQ,flat_run,LOW,13.0,,,,
2018-10-26,AXON.OQ,flat_run,LOW,14.0,,,,
2018-10-30,AXON.OQ,flat_run,LOW,19.0,,,,
2018-10-30,GRMN.N,flat_run,LOW,10.0,,,,
2018-10-31,AXON.OQ,flat_run,LOW,14.0,,,,
2018-11-01,GRMN.N,flat_run,LOW,11.0,,,,
2018-11-02,AXON.OQ,flat_run,LOW,13.0,,,,
2018-11-05,AXON.OQ,flat_run,MEDIUM,20.0,,,,
2018-11-06,NWS.OQ,flat_run,LOW,10.0,,,,
2018-11-07,AXON.OQ,flat_run,LOW,13.0,,,,
2018-11-08,ENPH.OQ,flat_run,LOW,13.0,,,,
2018-11-08,GRMN.N,flat_run,LOW,10.0,,,,
2018-11-08,TDY.N,flat_run,LOW,10.0,,,,
2018-11-13,AXON.OQ,flat_run,LOW,11.0,,,,
2018-11-14,AXON.OQ,flat_run,LOW,19.0,,,,
2018-11-15,AXON.OQ,flat_run,LOW,19.0,,,,
2018-11-16,AXON.OQ,flat_run,MEDIUM,26.0,,,,
2018-11-19,AXON.OQ,flat_run,LOW,14.0,,,,
2018-11-19,GRMN.N,flat_run,LOW,16.0,,,,
2018-11-21,INVH.N,flat_run,LOW,14.0,,,,
2018-11-26,AXON.OQ,flat_run,LOW,18.0,,,,
2018-11-26,CPB.N,flat_run,LOW,16.0,,,,
2018-11-26,GM.N,flat_run,LOW,17.0,,,,
2018-11-26,NWS.OQ,flat_run,LOW,10.0,,,,
2018-11-26,GM.N,extreme_jump,MEDIUM,,2.0,,,
2018-11-27,AXON.OQ,flat_run,MEDIUM,21.0,,,,
2018-11-28,AXON.OQ,flat_run,MEDIUM,46.0,,,,
2018-11-28,NWSA.OQ,flat_run,LOW,16.0,,,,
2018-11-29,AXON.OQ,flat_run,MEDIUM,31.0,,,,
2018-11-29,ENPH.OQ,flat_run,LOW,10.0,,,,
2018-11-29,FI.N,flat_run,LOW,10.0,,,,
2018-11-29,GRMN.N,flat_run,LOW,17.0,,,,
2018-11-30,AXON.OQ,flat_run,MEDIUM,33.0,,,,
2018-11-30,AES.N,flat_run,LOW,10.0,,,,
2018-11-30,ENPH.OQ,flat_run,LOW,13.0,,,,
2018-12-03,AXON.OQ,flat_run,MEDIUM,29.0,,,,
2018-12-03,CTRA.N,flat_run,LOW,13.0,,,,
2018-12-03,VICI.N,flat_run,LOW,12.0,,,,
2018-12-04,AXON.OQ,flat_run,MEDIUM,37.0,,,,
2018-12-04,CTRA.N,flat_run,MEDIUM,20.0,,,,
2018-12-04,TECH.OQ,flat_run,LOW,13.0,,,,
2018-12-06,AXON.OQ,flat_run,LOW,17.0,,,,
2018-12-07,MRNA.OQ,nan_or_zero_or_negative,HIGH,,,24.0,0.0,0.0
2018-12-07,AXON.OQ,flat_run,MEDIUM,34.0,,,,
2018-12-07,CTRA.N,flat_run,LOW,17.0,,,,
2018-12-10,AXON.OQ,flat_run,LOW,16.0,,,,
2018-12-11,AXON.OQ,flat_run,LOW,17.0,,,,
2018-12-12,AXON.OQ,flat_run,LOW,16.0,,,,
2018-12-12,CTRA.N,flat_run,LOW,14.0,,,,
2018-12-12,FI.N,flat_run,LOW,14.0,,,,
2018-12-12,LOW.N,flat_run,LOW,15.0,,,,
2018-12-13,AXON.OQ,flat_run,MEDIUM,29.0,,,,
2018-12-13,CTRA.N,flat_run,LOW,11.0,,,,
2018-12-13,TDY.N,flat_run,LOW,10.0,,,,
2018-12-17,AXON.OQ,flat_run,LOW,17.0,,,,
2018-12-17,NWS.OQ,flat_run,LOW,13.0,,,,
2018-12-18,AXON.OQ,flat_run,LOW,15.0,,,,
2018-12-19,AXON.OQ,flat_run,MEDIUM,70.0,,,,
2018-12-19,FI.N,flat_run,LOW,15.0,,,,
2018-12-19,MKTX.OQ,flat_run,LOW,14.0,,,,
2018-12-20,PNW.N,flat_run,MEDIUM,25.0,,,,
2018-12-20,AXON.OQ,flat_run,LOW,16.0,,,,
2018-12-20,PNW.N,extreme_jump,MEDIUM,,2.0,,,
2018-12-21,CTRA.N,flat_run,LOW,10.0,,,,
2018-12-21,GRMN.N,flat_run,LOW,10.0,,,,
2018-12-27,CTRA.N,flat_run,LOW,19.0,,,,
2018-12-28,GRMN.N,flat_run,LOW,10.0,,,,
2018-12-31,AXON.OQ,flat_run,LOW,15.0,,,,
2018-12-31,CTRA.N,flat_run,LOW,19.0,,,,
2018-12-31,GRMN.N,flat_run,LOW,11.0,,,,
2019-01-02,CTRA.N,flat_run,MEDIUM,31.0,,,,
2019-01-02,AXON.OQ,flat_run,LOW,12.0,,,,
2019-01-02,GRMN.N,flat_run,LOW,10.0,,,,
2019-01-03,AXON.OQ,flat_run,MEDIUM,21.0,,,,
2019-01-03,CTRA.N,flat_run,LOW,13.0,,,,
2019-01-04,CTRA.N,flat_run,MEDIUM,39.0,,,,
2019-01-04,AXON.OQ,flat_run,LOW,12.0,,,,
2019-01-04,GRMN.N,flat_run,LOW,10.0,,,,
2019-01-07,CTRA.N,flat_run,MEDIUM,24.0,,,,
2019-01-07,ENPH.OQ,flat_run,LOW,15.0,,,,
2019-01-08,AXON.OQ,flat_run,LOW,10.0,,,,
2019-01-08,CTRA.N,flat_run,LOW,16.0,,,,
2019-01-08,ENPH.OQ,flat_run,LOW,12.0,,,,
2019-01-08,GRMN.N,flat_run,LOW,10.0,,,,
2019-01-08,VICI.N,flat_run,LOW,10.0,,,,
2019-01-09,AXON.OQ,flat_run,LOW,10.0,,,,
2019-01-09,CTRA.N,flat_run,LOW,14.0,,,,
2019-01-10,CTRA.N,flat_run,LOW,13.0,,,,
2019-01-10,CZR.OQ,flat_run,LOW,11.0,,,,
2019-01-11,AXON.OQ,flat_run,MEDIUM,31.0,,,,
2019-01-11,CTRA.N,flat_run,MEDIUM,33.0,,,,
2019-01-11,CDAY.N,flat_run,LOW,14.0,,,,
2019-01-11,GRMN.N,flat_run,LOW,18.0,,,,
2019-01-11,POOL.OQ,flat_run,LOW,11.0,,,,
2019-01-14,CTRA.N,flat_run,MEDIUM,30.0,,,,
2019-01-14,AXON.OQ,flat_run,LOW,15.0,,,,
2019-01-14,CDAY.N,flat_run,LOW,14.0,,,,
2019-01-14,NWSA.OQ,flat_run,LOW,10.0,,,,
2019-01-14,POOL.OQ,flat_run,LOW,10.0,,,,
2019-01-14,VICI.N,flat_run,LOW,11.0,,,,
2019-01-15,AXON.OQ,flat_run,MEDIUM,33.0,,,,
2019-01-15,CTRA.N,flat_run,MEDIUM,50.0,,,,
2019-01-16,AXON.OQ,flat_run,MEDIUM,41.0,,,,
2019-01-16,CTRA.N,flat_run,MEDIUM,29.0,,,,
2019-01-16,MRNA.OQ,flat_run,LOW,13.0,,,,
2019-01-17,AXON.OQ,flat_run,MEDIUM,32.0,,,,
2019-01-17,FOXA.OQ,flat_run,LOW,10.0,,,,
2019-01-18,AXON.OQ,flat_run,MEDIUM,26.0,,,,
2019-01-22,AXON.OQ,flat_run,MEDIUM,48.0,,,,
2019-01-22,CTRA.N,flat_run,LOW,10.0,,,,
2019-01-22,TDY.N,flat_run,LOW,11.0,,,,
2019-01-22,VICI.N,flat_run,LOW,11.0,,,,
2019-01-23,GRMN.N,flat_run,LOW,10.0,,,,
2019-01-23,TDY.N,flat_run,LOW,11.0,,,,
2019-01-24,BIO.N,flat_run,LOW,12.0,,,,
2019-01-24,MRNA.OQ,flat_run,LOW,10.0,,,,
2019-01-24,NWSA.OQ,flat_run,LOW,14.0,,,,
2019-01-25,CTRA.N,flat_run,LOW,16.0,,,,
2019-01-25,ENPH.OQ,flat_run,LOW,15.0,,,,
2019-01-25,FI.N,flat_run,LOW,16.0,,,,
2019-01-25,GRMN.N,flat_run,LOW,10.0,,,,
2019-01-25,MRNA.OQ,flat_run,LOW,10.0,,,,
2019-01-28,CTRA.N,flat_run,MEDIUM,25.0,,,,
2019-01-28,AXON.OQ,flat_run,LOW,16.0,,,,
2019-01-28,FI.N,flat_run,LOW,13.0,,,,
2019-01-28,MRNA.OQ,flat_run,LOW,15.0,,,,
2019-01-28,NWSA.OQ,flat_run,LOW,10.0,,,,
2019-01-28,TDY.N,flat_run,LOW,11.0,,,,
2019-01-29,AXON.OQ,flat_run,MEDIUM,27.0,,,,
2019-01-29,ACGL.OQ,flat_run,LOW,16.0,,,,
2019-01-29,CTRA.N,flat_run,LOW,17.0,,,,
2019-01-29,GRMN.N,flat_run,LOW,10.0,,,,
2019-01-30,CTRA.N,flat_run,LOW,13.0,,,,
2019-01-30,FI.N,flat_run,LOW,14.0,,,,
2019-01-30,GRMN.N,flat_run,LOW,13.0,,,,
2019-01-30,HBAN.OQ,flat_run,LOW,11.0,,,,
2019-01-30,NWS.OQ,flat_run,LOW,16.0,,,,
2019-01-30,NWSA.OQ,flat_run,LOW,14.0,,,,
2019-01-31,AXON.OQ,flat_run,MEDIUM,32.0,,,,
2019-01-31,CTRA.N,flat_run,MEDIUM,22.0,,,,
2019-01-31,FI.N,flat_run,LOW,13.0,,,,
2019-02-01,AXON.OQ,flat_run,LOW,19.0,,,,
2019-02-01,CTRA.N,flat_run,LOW,14.0,,,,
2019-02-01,CZR.OQ,flat_run,LOW,10.0,,,,
2019-02-01,FI.N,flat_run,LOW,13.0,,,,
2019-02-01,NWSA.OQ,flat_run,LOW,14.0,,,,
2019-02-04,AXON.OQ,flat_run,MEDIUM,68.0,,,,
2019-02-04,ACGL.OQ,flat_run,LOW,10.0,,,,
2019-02-05,AXON.OQ,flat_run,MEDIUM,32.0,,,,
2019-02-05,CTRA.N,flat_run,MEDIUM,30.0,,,,
2019-02-05,FI.N,flat_run,LOW,10.0,,,,
2019-02-05,NWS.OQ,flat_run,LOW,10.0,,,,
2019-02-05,NWSA.OQ,flat_run,LOW,12.0,,,,
2019-02-06,AXON.OQ,flat_run,MEDIUM,22.0,,,,
2019-02-06,CTRA.N,flat_run,MEDIUM,32.0,,,,
2019-02-06,ENPH.OQ,flat_run,LOW,12.0,,,,
2019-02-06,NWS.OQ,flat_run,LOW,10.0,,,,
2019-02-06,NWSA.OQ,flat_run,LOW,13.0,,,,
2019-02-07,AXON.OQ,flat_run,MEDIUM,20.0,,,,
2019-02-07,CSGP.OQ,flat_run,LOW,14.0,,,,
2019-02-07,CTRA.N,flat_run,LOW,18.0,,,,
2019-02-08,AXON.OQ,flat_run,MEDIUM,30.0,,,,
2019-02-08,CZR.OQ,flat_run,LOW,11.0,,,,
2019-02-08,POOL.OQ,flat_run,LOW,10.0,,,,
2019-02-11,AXON.OQ,flat_run,LOW,18.0,,,,
2019-02-11,CTRA.N,flat_run,LOW,10.0,,,,
2019-02-12,AXON.OQ,flat_run,LOW,18.0,,,,
2019-02-12,CTRA.N,flat_run,LOW,12.0,,,,
2019-02-12,F.N,flat_run,LOW,10.0,,,,
2019-02-12,NWS.OQ,flat_run,LOW,13.0,,,,
2019-02-12,NWSA.OQ,flat_run,LOW,12.0,,,,
2019-02-13,CTRA.N,flat_run,MEDIUM,22.0,,,,
2019-02-13,AXON.OQ,flat_run,LOW,13.0,,,,
2019-02-13,NVR.N,flat_run,LOW,10.0,,,,
2019-02-13,NWSA.OQ,flat_run,LOW,14.0,,,,
2019-02-14,CTRA.N,flat_run,LOW,16.0,,,,
2019-02-14,ENPH.OQ,flat_run,LOW,11.0,,,,
2019-02-14,FI.N,flat_run,LOW,12.0,,,,
2019-02-14,GRMN.N,flat_run,LOW,10.0,,,,
2019-02-15,CTRA.N,flat_run,MEDIUM,23.0,,,,
2019-02-15,ENPH.OQ,flat_run,LOW,12.0,,,,
2019-02-15,GRMN.N,flat_run,LOW,10.0,,,,
2019-02-19,NWSA.OQ,flat_run,MEDIUM,21.0,,,,
2019-02-19,CTRA.N,flat_run,LOW,12.0,,,,
2019-02-19,ENPH.OQ,flat_run,LOW,11.0,,,,
2019-02-19,F.N,flat_run,LOW,10.0,,,,
2019-02-19,GE.N,flat_run,LOW,11.0,,,,
2019-02-20,CSGP.OQ,flat_run,LOW,10.0,,,,
2019-02-20,CTRA.N,flat_run,LOW,10.0,,,,
2019-02-20,NWS.OQ,flat_run,LOW,13.0,,,,
2019-02-20,NWSA.OQ,flat_run,LOW,10.0,,,,
2019-02-21,CTRA.N,flat_run,LOW,15.0,,,,
2019-02-21,ENPH.OQ,flat_run,LOW,10.0,,,,
2019-02-21,KIM.N,flat_run,LOW,10.0,,,,
2019-02-21,NWSA.OQ,flat_run,LOW,10.0,,,,
2019-02-22,VICI.N,flat_run,LOW,10.0,,,,
2019-02-25,CTRA.N,flat_run,LOW,14.0,,,,
2019-02-25,FI.N,flat_run,LOW,10.0,,,,
2019-02-25,POOL.OQ,flat_run,LOW,10.0,,,,
2019-02-26,CTRA.N,flat_run,LOW,14.0,,,,
2019-02-26,FOX.OQ,flat_run,LOW,14.0,,,,
2019-02-26,FOXA.OQ,flat_run,LOW,16.0,,,,
2019-02-26,NWSA.OQ,flat_run,LOW,18.0,,,,
2019-02-27,NWS.OQ,flat_run,LOW,14.0,,,,
2019-02-27,NWSA.OQ,flat_run,LOW,11.0,,,,
2019-02-27,VICI.N,flat_run,LOW,15.0,,,,
2019-02-28,CTRA.N,flat_run,LOW,13.0,,,,
2019-02-28,FOXA.OQ,flat_run,LOW,11.0,,,,
2019-02-28,NWS.OQ,flat_run,LOW,11.0,,,,
2019-03-01,CTRA.N,flat_run,MEDIUM,28.0,,,,
2019-03-01,NWSA.OQ,flat_run,LOW,11.0,,,,
2019-03-01,TECH.OQ,flat_run,LOW,10.0,,,,
2019-03-04,CTRA.N,flat_run,LOW,16.0,,,,
2019-03-04,GRMN.N,flat_run,LOW,12.0,,,,
2019-03-05,AES.N,flat_run,LOW,12.0,,,,
2019-03-05,CTRA.N,flat_run,LOW,13.0,,,,
2019-03-05,GE.N,flat_run,LOW,10.0,,,,
2019-03-05,GRMN.N,flat_run,LOW,15.0,,,,
2019-03-05,VICI.N,flat_run,LOW,12.0,,,,
2019-03-06,CTRA.N,flat_run,LOW,11.0,,,,
2019-03-06,NVR.N,flat_run,LOW,12.0,,,,
2019-03-07,VICI.N,flat_run,LOW,10.0,,,,
2019-03-08,NVR.N,flat_run,LOW,12.0,,,,
2019-03-11,BRO.N,flat_run,LOW,12.0,,,,
2019-03-12,CTRA.N,flat_run,MEDIUM,20.0,,,,
2019-03-12,FI.N,flat_run,LOW,11.0,,,,
2019-03-13,CTRA.N,flat_run,MEDIUM,31.0,,,,
2019-03-13,FI.N,flat_run,LOW,11.0,,,,
2019-03-13,NWS.OQ,flat_run,LOW,12.0,,,,
2019-03-13,NWSA.OQ,flat_run,LOW,13.0,,,,
2019-03-14,CTRA.N,flat_run,LOW,12.0,,,,
2019-03-14,NWS.OQ,flat_run,LOW,14.0,,,,
2019-03-14,NWSA.OQ,flat_run,LOW,14.0,,,,
2019-03-14,RF.N,flat_run,LOW,10.0,,,,
2019-03-15,CTRA.N,flat_run,LOW,19.0,,,,
2019-03-15,FI.N,flat_run,LOW,10.0,,,,
2019-03-15,NWS.OQ,flat_run,LOW,10.0,,,,
2019-03-18,FI.N,flat_run,LOW,13.0,,,,
2019-03-19,CTRA.N,flat_run,MEDIUM,25.0,,,,
2019-03-19,CZR.OQ,flat_run,LOW,10.0,,,,
2019-03-19,NWS.OQ,flat_run,LOW,11.0,,,,
2019-03-19,NWSA.OQ,flat_run,LOW,13.0,,,,
2019-03-20,CTRA.N,flat_run,LOW,11.0,,,,
2019-03-20,NWS.OQ,flat_run,LOW,18.0,,,,
2019-03-20,NWSA.OQ,flat_run,LOW,14.0,,,,
2019-03-21,NWSA.OQ,flat_run,LOW,10.0,,,,
2019-03-21,POOL.OQ,flat_run,LOW,10.0,,,,
2019-03-22,CTRA.N,flat_run,MEDIUM,30.0,,,,
2019-03-25,CTRA.N,flat_run,LOW,12.0,,,,
2019-03-25,NVR.N,flat_run,LOW,11.0,,,,
2019-03-28,FI.N,flat_run,LOW,10.0,,,,
2019-03-28,NWS.OQ,flat_run,LOW,13.0,,,,
2019-03-28,NWSA.OQ,flat_run,LOW,10.0,,,,
2019-03-29,CTRA.N,flat_run,MEDIUM,26.0,,,,
2019-03-29,NWS.OQ,flat_run,LOW,14.0,,,,
2019-03-29,NWSA.OQ,flat_run,LOW,11.0,,,,
2019-04-01,CTRA.N,flat_run,LOW,13.0,,,,
2019-04-01,NVR.N,flat_run,LOW,12.0,,,,
2019-04-01,NWS.OQ,flat_run,LOW,13.0,,,,
2019-04-02,F.N,flat_run,LOW,11.0,,,,
2019-04-02,FI.N,flat_run,LOW,17.0,,,,
2019-04-02,GRMN.N,flat_run,LOW,11.0,,,,
2019-04-02,MRNA.OQ,flat_run,LOW,10.0,,,,
2019-04-02,NWS.OQ,flat_run,LOW,12.0,,,,
2019-04-02,NWSA.OQ,flat_run,LOW,11.0,,,,
2019-04-02,PCG.N,flat_run,LOW,10.0,,,,
2019-04-03,CTRA.N,flat_run,LOW,15.0,,,,
2019-04-03,NVR.N,flat_run,LOW,17.0,,,,
2019-04-04,CTRA.N,flat_run,LOW,14.0,,,,
2019-04-04,F.N,flat_run,LOW,12.0,,,,
2019-04-04,NWS.OQ,flat_run,LOW,11.0,,,,
2019-04-04,VICI.N,flat_run,LOW,14.0,,,,
2019-04-05,CTRA.N,flat_run,MEDIUM,21.0,,,,
2019-04-05,NVR.N,flat_run,LOW,13.0,,,,
2019-04-05,NWS.OQ,flat_run,LOW,18.0,,,,
2019-04-05,NWSA.OQ,flat_run,LOW,19.0,,,,
2019-04-05,VICI.N,flat_run,LOW,11.0,,,,
2019-04-08,F.N,flat_run,LOW,10.0,,,,
2019-04-08,GRMN.N,flat_run,LOW,11.0,,,,
2019-04-08,KIM.N,flat_run,LOW,10.0,,,,
2019-04-08,NWS.OQ,flat_run,LOW,11.0,,,,
2019-04-08,NWSA.OQ,flat_run,LOW,13.0,,,,
2019-04-09,CTRA.N,flat_run,LOW,16.0,,,,
2019-04-09,F.N,flat_run,LOW,14.0,,,,
2019-04-09,KIM.N,flat_run,LOW,11.0,,,,
2019-04-09,NWSA.OQ,flat_run,LOW,11.0,,,,
2019-04-10,CTRA.N,flat_run,LOW,10.0,,,,
2019-04-10,FI.N,flat_run,LOW,11.0,,,,
2019-04-10,NVR.N,flat_run,LOW,11.0,,,,
2019-04-10,NWS.OQ,flat_run,LOW,13.0,,,,
2019-04-11,CTRA.N,flat_run,LOW,11.0,,,,
2019-04-12,NWS.OQ,flat_run,MEDIUM,20.0,,,,
2019-04-12,NWSA.OQ,flat_run,MEDIUM,25.0,,,,
2019-04-12,AES.N,flat_run,LOW,10.0,,,,
2019-04-12,CTRA.N,flat_run,LOW,15.0,,,,
2019-04-15,AES.N,flat_run,MEDIUM,22.0,,,,
2019-04-15,CTRA.N,flat_run,LOW,13.0,,,,
2019-04-15,FI.N,flat_run,LOW,11.0,,,,
2019-04-16,CTRA.N,flat_run,LOW,17.0,,,,
2019-04-16,F.N,flat_run,LOW,14.0,,,,
2019-04-16,FI.N,flat_run,LOW,12.0,,,,
2019-04-16,NWS.OQ,flat_run,LOW,15.0,,,,
2019-04-16,NWSA.OQ,flat_run,LOW,16.0,,,,
2019-04-17,CTRA.N,flat_run,LOW,16.0,,,,
2019-04-17,NWS.OQ,flat_run,LOW,14.0,,,,
2019-04-17,NWSA.OQ,flat_run,LOW,13.0,,,,
2019-04-18,CTRA.N,flat_run,LOW,10.0,,,,
2019-04-18,GRMN.N,flat_run,LOW,10.0,,,,
2019-04-18,NWS.OQ,flat_run,LOW,13.0,,,,
2019-04-18,POOL.OQ,flat_run,LOW,13.0,,,,
2019-04-22,CTRA.N,flat_run,MEDIUM,31.0,,,,
2019-04-22,HPE.N,flat_run,LOW,11.0,,,,
2019-04-22,NWS.OQ,flat_run,LOW,17.0,,,,
2019-04-22,NWSA.OQ,flat_run,LOW,10.0,,,,
2019-04-23,CTRA.N,flat_run,LOW,16.0,,,,
2019-04-23,NWS.OQ,flat_run,LOW,10.0,,,,
2019-04-24,CTRA.N,flat_run,LOW,13.0,,,,
2019-04-24,NWS.OQ,flat_run,LOW,10.0,,,,
2019-04-24,VICI.N,flat_run,LOW,11.0,,,,
2019-04-25,CTRA.N,flat_run,MEDIUM,28.0,,,,
2019-04-25,FI.N,flat_run,LOW,12.0,,,,
2019-04-25,NWS.OQ,flat_run,LOW,11.0,,,,
2019-04-25,NWSA.OQ,flat_run,LOW,11.0,,,,
2019-04-26,CDAY.N,flat_run,LOW,15.0,,,,
2019-04-26,CSGP.OQ,flat_run,LOW,10.0,,,,
2019-04-26,CTRA.N,flat_run,LOW,18.0,,,,
2019-04-26,CZR.OQ,flat_run,LOW,11.0,,,,
2019-04-26,GRMN.N,flat_run,LOW,12.0,,,,
2019-04-26,KIM.N,flat_run,LOW,13.0,,,,
2019-04-26,NWS.OQ,flat_run,LOW,11.0,,,,
2019-04-26,NWSA.OQ,flat_run,LOW,17.0,,,,
2019-04-29,CTRA.N,flat_run,MEDIUM,35.0,,,,
2019-04-29,NWS.OQ,flat_run,MEDIUM,20.0,,,,
2019-04-29,FI.N,flat_run,LOW,12.0,,,,
2019-04-29,NWSA.OQ,flat_run,LOW,15.0,,,,
2019-04-30,GRMN.N,flat_run,MEDIUM,26.0,,,,
2019-04-30,CZR.OQ,flat_run,LOW,10.0,,,,
2019-04-30,NWS.OQ,flat_run,LOW,17.0,,,,
2019-04-30,NWSA.OQ,flat_run,LOW,11.0,,,,
2019-05-01,CTRA.N,flat_run,MEDIUM,23.0,,,,
2019-05-01,NWSA.OQ,flat_run,MEDIUM,33.0,,,,
2019-05-01,FI.N,flat_run,LOW,18.0,,,,
2019-05-01,NWS.OQ,flat_run,LOW,13.0,,,,
2019-05-02,CTRA.N,flat_run,MEDIUM,26.0,,,,
2019-05-02,GRMN.N,flat_run,LOW,17.0,,,,
2019-05-02,NWSA.OQ,flat_run,LOW,10.0,,,,
2019-05-03,CTRA.N,flat_run,MEDIUM,27.0,,,,
2019-05-06,GRMN.N,flat_run,LOW,15.0,,,,
2019-05-07,CTRA.N,flat_run,MEDIUM,20.0,,,,
2019-05-09,CTRA.N,flat_run,LOW,10.0,,,,
2019-05-14,NWS.OQ,flat_run,LOW,12.0,,,,
2019-05-16,AES.N,flat_run,LOW,11.0,,,,
2019-05-16,CTRA.N,flat_run,LOW,11.0,,,,
2019-05-16,NWS.OQ,flat_run,LOW,12.0,,,,
2019-05-16,NWSA.OQ,flat_run,LOW,16.0,,,,
2019-05-17,CTRA.N,flat_run,LOW,10.0,,,,
2019-05-17,F.N,flat_run,LOW,11.0,,,,
2019-05-20,F.N,flat_run,LOW,10.0,,,,
2019-05-21,COR.N,flat_run,LOW,10.0,,,,
2019-05-21,CZR.OQ,flat_run,LOW,13.0,,,,
2019-05-21,FI.N,flat_run,LOW,13.0,,,,
2019-05-21,NWS.OQ,flat_run,LOW,10.0,,,,
2019-05-21,NWSA.OQ,flat_run,LOW,11.0,,,,
2019-05-22,F.N,flat_run,LOW,10.0,,,,
2019-05-22,KEY.N,flat_run,LOW,10.0,,,,
2019-05-23,BIO.N,flat_run,LOW,11.0,,,,
2019-05-23,FI.N,flat_run,LOW,10.0,,,,
2019-05-23,KIM.N,flat_run,LOW,10.0,,,,
2019-05-24,CTRA.N,flat_run,LOW,10.0,,,,
2019-05-24,FI.N,flat_run,LOW,11.0,,,,
2019-05-24,NWS.OQ,flat_run,LOW,13.0,,,,
2019-05-24,NWSA.OQ,flat_run,LOW,13.0,,,,
2019-05-29,NWS.OQ,flat_run,LOW,11.0,,,,
2019-05-29,NWSA.OQ,flat_run,LOW,13.0,,,,
2019-05-30,CTRA.N,flat_run,LOW,11.0,,,,
2019-05-31,FI.N,flat_run,LOW,10.0,,,,
2019-05-31,GRMN.N,flat_run,LOW,12.0,,,,
2019-05-31,MRNA.OQ,flat_run,LOW,11.0,,,,
2019-05-31,NVR.N,flat_run,LOW,13.0,,,,
2019-05-31,NWS.OQ,flat_run,LOW,13.0,,,,
2019-05-31,NWSA.OQ,flat_run,LOW,12.0,,,,
2019-06-04,FI.N,flat_run,LOW,10.0,,,,
2019-06-04,GRMN.N,flat_run,LOW,17.0,,,,
2019-06-04,NWSA.OQ,flat_run,LOW,12.0,,,,
2019-06-05,NWSA.OQ,flat_run,LOW,10.0,,,,
2019-06-06,GRMN.N,flat_run,LOW,15.0,,,,
2019-06-07,NWS.OQ,flat_run,LOW,11.0,,,,
2019-06-07,NWSA.OQ,flat_run,LOW,10.0,,,,
2019-06-10,NWSA.OQ,flat_run,LOW,10.0,,,,
2019-06-11,NWSA.OQ,flat_run,MEDIUM,31.0,,,,
2019-06-11,NWS.OQ,flat_run,LOW,17.0,,,,
2019-06-12,GE.N,flat_run,LOW,13.0,,,,
2019-06-12,NVR.N,flat_run,LOW,10.0,,,,
2019-06-12,NWS.OQ,flat_run,LOW,14.0,,,,
2019-06-12,NWSA.OQ,flat_run,LOW,12.0,,,,
2019-06-13,AMCR.N,flat_run,LOW,13.0,,,,
2019-06-13,NWSA.OQ,flat_run,LOW,12.0,,,,
2019-06-14,AES.N,flat_run,LOW,15.0,,,,
2019-06-14,NWS.OQ,flat_run,LOW,13.0,,,,
2019-06-14,NWSA.OQ,flat_run,LOW,15.0,,,,
2019-06-17,AMCR.N,flat_run,LOW,11.0,,,,
2019-06-17,CZR.OQ,flat_run,LOW,15.0,,,,
2019-06-17,FI.N,flat_run,LOW,12.0,,,,
2019-06-18,AMCR.N,flat_run,LOW,12.0,,,,
2019-06-18,FI.N,flat_run,LOW,12.0,,,,
2019-06-18,VICI.N,flat_run,LOW,12.0,,,,
2019-06-19,AMCR.N,flat_run,LOW,16.0,,,,
2019-06-20,NDSN.OQ,flat_run,LOW,11.0,,,,
2019-06-21,AMCR.N,flat_run,LOW,12.0,,,,
2019-06-24,AMCR.N,flat_run,LOW,10.0,,,,
2019-06-24,NWS.OQ,flat_run,LOW,10.0,,,,
2019-06-25,FI.N,flat_run,LOW,12.0,,,,
2019-06-25,NWS.OQ,flat_run,LOW,11.0,,,,
2019-06-25,NWSA.OQ,flat_run,LOW,10.0,,,,
2019-06-26,AMCR.N,flat_run,LOW,11.0,,,,
2019-06-26,CZR.OQ,flat_run,LOW,11.0,,,,
2019-06-26,FI.N,flat_run,LOW,12.0,,,,
2019-06-26,GE.N,flat_run,LOW,15.0,,,,
2019-06-27,AMCR.N,flat_run,MEDIUM,28.0,,,,
2019-06-27,GRMN.N,flat_run,LOW,12.0,,,,
2019-06-28,AMCR.N,flat_run,MEDIUM,23.0,,,,
2019-06-28,GE.N,flat_run,LOW,11.0,,,,
2019-07-01,NVR.N,flat_run,LOW,10.0,,,,
2019-07-02,CZR.OQ,flat_run,LOW,10.0,,,,
2019-07-02,GRMN.N,flat_run,LOW,10.0,,,,
2019-07-05,AMCR.N,flat_run,LOW,17.0,,,,
2019-07-05,FI.N,flat_run,LOW,12.0,,,,
2019-07-05,KMI.N,flat_run,LOW,12.0,,,,
2019-07-05,NWSA.OQ,flat_run,LOW,12.0,,,,
2019-07-05,POOL.OQ,flat_run,LOW,12.0,,,,
2019-07-08,NWS.OQ,flat_run,MEDIUM,25.0,,,,
2019-07-08,CTRA.N,flat_run,LOW,12.0,,,,
2019-07-08,F.N,flat_run,LOW,12.0,,,,
2019-07-08,FI.N,flat_run,LOW,11.0,,,,
2019-07-09,AMCR.N,flat_run,LOW,17.0,,,,
2019-07-09,GE.N,flat_run,LOW,17.0,,,,
2019-07-09,NVR.N,flat_run,LOW,10.0,,,,
2019-07-09,NWSA.OQ,flat_run,LOW,12.0,,,,
2019-07-10,AMCR.N,flat_run,LOW,14.0,,,,
2019-07-10,CTRA.N,flat_run,LOW,12.0,,,,
2019-07-10,CZR.OQ,flat_run,LOW,13.0,,,,
2019-07-10,NWS.OQ,flat_run,LOW,11.0,,,,
2019-07-10,NWSA.OQ,flat_run,LOW,18.0,,,,
2019-07-11,NWSA.OQ,flat_run,MEDIUM,25.0,,,,
2019-07-11,AES.N,flat_run,LOW,13.0,,,,
2019-07-11,GE.N,flat_run,LOW,12.0,,,,
2019-07-11,JNPR.N,flat_run,LOW,10.0,,,,
2019-07-11,NWS.OQ,flat_run,LOW,16.0,,,,
2019-07-12,NWSA.OQ,flat_run,MEDIUM,25.0,,,,
2019-07-12,AMCR.N,flat_run,LOW,10.0,,,,
2019-07-12,F.N,flat_run,LOW,10.0,,,,
2019-07-12,FI.N,flat_run,LOW,11.0,,,,
2019-07-12,GE.N,flat_run,LOW,11.0,,,,
2019-07-12,NVR.N,flat_run,LOW,10.0,,,,
2019-07-12,NWS.OQ,flat_run,LOW,11.0,,,,
2019-07-15,AMCR.N,flat_run,LOW,16.0,,,,
2019-07-15,HPE.N,flat_run,LOW,12.0,,,,
2019-07-15,KMI.N,flat_run,LOW,10.0,,,,
2019-07-15,NWS.OQ,flat_run,LOW,12.0,,,,
2019-07-15,NWSA.OQ,flat_run,LOW,12.0,,,,
2019-07-16,AMCR.N,flat_run,LOW,15.0,,,,
2019-07-16,BIO.N,flat_run,LOW,10.0,,,,
2019-07-16,CZR.OQ,flat_run,LOW,11.0,,,,
2019-07-16,NWS.OQ,flat_run,LOW,15.0,,,,
2019-07-17,AMCR.N,flat_run,LOW,15.0,,,,
2019-07-17,BIO.N,flat_run,LOW,10.0,,,,
2019-07-17,FI.N,flat_run,LOW,11.0,,,,
2019-07-18,HPE.N,flat_run,MEDIUM,20.0,,,,
2019-07-18,AMCR.N,flat_run,LOW,13.0,,,,
2019-07-18,F.N,flat_run,LOW,15.0,,,,
2019-07-18,GRMN.N,flat_run,LOW,12.0,,,,
2019-07-18,NWS.OQ,flat_run,LOW,13.0,,,,
2019-07-19,CZR.OQ,flat_run,MEDIUM,22.0,,,,
2019-07-19,FI.N,flat_run,LOW,12.0,,,,
2019-07-22,AES.N,flat_run,LOW,13.0,,,,
2019-07-22,HPQ.N,flat_run,LOW,11.0,,,,
2019-07-22,NWS.OQ,flat_run,LOW,16.0,,,,
2019-07-22,NWSA.OQ,flat_run,LOW,11.0,,,,
2019-07-23,AMCR.N,flat_run,LOW,15.0,,,,
2019-07-23,BIO.N,flat_run,LOW,10.0,,,,
2019-07-23,CZR.OQ,flat_run,LOW,12.0,,,,
2019-07-23,F.N,flat_run,LOW,14.0,,,,
2019-07-23,FI.N,flat_run,LOW,15.0,,,,
2019-07-23,GRMN.N,flat_run,LOW,10.0,,,,
2019-07-23,NWS.OQ,flat_run,LOW,11.0,,,,
2019-07-24,AMCR.N,flat_run,LOW,19.0,,,,
2019-07-24,CZR.OQ,flat_run,LOW,11.0,,,,
2019-07-24,EPAM.N,flat_run,LOW,10.0,,,,
2019-07-24,F.N,flat_run,LOW,12.0,,,,
2019-07-24,FI.N,flat_run,LOW,10.0,,,,
2019-07-24,GRMN.N,flat_run,LOW,10.0,,,,
2019-07-24,HPE.N,flat_run,LOW,10.0,,,,
2019-07-24,NWSA.OQ,flat_run,LOW,11.0,,,,
2019-07-25,FI.N,flat_run,LOW,18.0,,,,
2019-07-25,NWSA.OQ,flat_run,LOW,11.0,,,,
2019-07-26,CZR.OQ,flat_run,LOW,14.0,,,,
2019-07-26,NWS.OQ,flat_run,LOW,10.0,,,,
2019-07-29,AMCR.N,flat_run,MEDIUM,20.0,,,,
2019-07-29,CZR.OQ,flat_run,LOW,14.0,,,,
2019-07-29,NWS.OQ,flat_run,LOW,11.0,,,,
2019-07-29,NWSA.OQ,flat_run,LOW,11.0,,,,
2019-07-30,NWS.OQ,flat_run,LOW,10.0,,,,
2019-07-30,NWSA.OQ,flat_run,LOW,10.0,,,,
2019-07-31,AMCR.N,flat_run,LOW,11.0,,,,
2019-07-31,F.N,flat_run,LOW,10.0,,,,
2019-07-31,HPE.N,flat_run,LOW,10.0,,,,
2019-07-31,NWS.OQ,flat_run,LOW,14.0,,,,
2019-08-01,AMCR.N,flat_run,LOW,13.0,,,,
2019-08-07,NVR.N,flat_run,LOW,12.0,,,,
2019-08-08,F.N,flat_run,LOW,12.0,,,,
2019-08-08,FI.N,flat_run,LOW,11.0,,,,
2019-08-08,GRMN.N,flat_run,LOW,12.0,,,,
2019-08-09,GRMN.N,flat_run,LOW,10.0,,,,
2019-08-12,AES.N,nan_or_zero_or_negative,HIGH,,,0.0,5.0,0.0
2019-08-12,AIZ.N,nan_or_zero_or_negative,HIGH,,,0.0,1.0,0.0
2019-08-12,ALL.N,nan_or_zero_or_negative,HIGH,,,0.0,1.0,0.0
2019-08-12,ANET.N,nan_or_zero_or_negative,HIGH,,,0.0,1.0,0.0
2019-08-12,AOS.N,nan_or_zero_or_negative,HIGH,,,0.0,4.0,0.0
2019-08-12,APD.N,nan_or_zero_or_negative,HIGH,,,0.0,3.0,0.0
2019-08-12,APH.N,nan_or_zero_or_negative,HIGH,,,0.0,1.0,0.0
2019-08-12,APTV.N,nan_or_zero_or_negative,HIGH,,,0.0,4.0,0.0
2019-08-12,ATO.N,nan_or_zero_or_negative,HIGH,,,0.0,3.0,0.0
2019-08-12,AVY.N,nan_or_zero_or_negative,HIGH,,,0.0,3.0,0.0
2019-08-12,AWK.N,nan_or_zero_or_negative,HIGH,,,0.0,1.0,0.0
2019-08-12,AZO.N,nan_or_zero_or_negative,HIGH,,,0.0,3.0,0.0
2019-08-12,BA.N,nan_or_zero_or_negative,HIGH,,,0.0,3.0,0.0
2019-08-12,BAC.N,nan_or_zero_or_negative,HIGH,,,0.0,3.0,0.0
2019-08-12,BAX.N,nan_or_zero_or_negative,HIGH,,,0.0,4.0,0.0
2019-08-12,BBY.N,nan_or_zero_or_negative,HIGH,,,0.0,3.0,0.0
2019-08-12,BDX.N,nan_or_zero_or_negative,HIGH,,,0.0,4.0,0.0
2019-08-12,BEN.N,nan_or_zero_or_negative,HIGH,,,0.0,3.0,0.0
2019-08-12,BFb.N,nan_or_zero_or_negative,HIGH,,,0.0,4.0,0.0
2019-08-12,BG.N,nan_or_zero_or_negative,HIGH,,,0.0,4.0,0.0
2019-08-12,BLK.N,nan_or_zero_or_negative,HIGH,,,0.0,3.0,0.0
2019-08-12,BMY.N,nan_or_zero_or_negative,HIGH,,,0.0,3.0,0.0
2019-08-12,BR.N,nan_or_zero_or_negative,HIGH,,,0.0,3.0,0.0
2019-08-12,BRO.N,nan_or_zero_or_negative,HIGH,,,0.0,4.0,0.0
2019-08-12,BSX.N,nan_or_zero_or_negative,HIGH,,,0.0,3.0,0.0
2019-08-12,BX.N,nan_or_zero_or_negative,HIGH,,,0.0,4.0,0.0
2019-08-12,BXP.N,nan_or_zero_or_negative,HIGH,,,0.0,5.0,0.0
2019-08-12,CBOE.Z,nan_or_zero_or_negative,HIGH,,,0.0,1.0,0.0
2019-08-12,CCI.N,nan_or_zero_or_negative,HIGH,,,0.0,2.0,0.0
2019-08-12,CPT.N,nan_or_zero_or_negative,HIGH,,,0.0,1.0,0.0
2019-08-12,CRL.N,nan_or_zero_or_negative,HIGH,,,0.0,3.0,0.0
2019-08-12,DTE.N,nan_or_zero_or_negative,HIGH,,,0.0,2.0,0.0
2019-08-12,ECL.N,nan_or_zero_or_negative,HIGH,,,0.0,1.0,0.0
2019-08-12,ED.N,nan_or_zero_or_negative,HIGH,,,0.0,2.0,0.0
2019-08-12,EMN.N,nan_or_zero_or_negative,HIGH,,,0.0,1.0,0.0
2019-08-12,EPAM.N,nan_or_zero_or_negative,HIGH,,,0.0,1.0,0.0
2019-08-12,EW.N,nan_or_zero_or_negative,HIGH,,,0.0,1.0,0.0
2019-08-12,FI.N,nan_or_zero_or_negative,HIGH,,,0.0,1.0,0.0
2019-08-12,FICO.N,nan_or_zero_or_negative,HIGH,,,0.0,3.0,0.0
2019-08-12,FLT.N,nan_or_zero_or_negative,HIGH,,,0.0,3.0,0.0
2019-08-12,GD.N,nan_or_zero_or_negative,HIGH,,,0.0,3.0,0.0
2019-08-12,GL.N,nan_or_zero_or_negative,HIGH,,,0.0,1.0,0.0
2019-08-12,GPC.N,nan_or_zero_or_negative,HIGH,,,0.0,1.0,0.0
2019-08-12,GPN.N,nan_or_zero_or_negative,HIGH,,,0.0,2.0,0.0
2019-08-12,GWW.N,nan_or_zero_or_negative,HIGH,,,0.0,1.0,0.0
2019-08-12,HCA.N,nan_or_zero_or_negative,HIGH,,,0.0,1.0,0.0
2019-08-12,HSY.N,nan_or_zero_or_negative,HIGH,,,0.0,1.0,0.0
2019-08-12,HUBB.N,nan_or_zero_or_negative,HIGH,,,0.0,5.0,0.0
2019-08-12,IFF.N,nan_or_zero_or_negative,HIGH,,,0.0,2.0,0.0
2019-08-12,JNPR.N,nan_or_zero_or_negative,HIGH,,,23.0,0.0,0.0
2019-08-12,JPM.N,nan_or_zero_or_negative,HIGH,,,29.0,0.0,0.0
2019-08-12,KEY.N,nan_or_zero_or_negative,HIGH,,,0.0,1.0,0.0
2019-08-12,KEYS.N,nan_or_zero_or_negative,HIGH,,,28.0,0.0,0.0
2019-08-12,KIM.N,nan_or_zero_or_negative,HIGH,,,14.0,0.0,0.0
2019-08-12,KMB.N,nan_or_zero_or_negative,HIGH,,,28.0,0.0,0.0
2019-08-12,KMI.N,nan_or_zero_or_negative,HIGH,,,0.0,1.0,0.0
2019-08-12,KMX.N,nan_or_zero_or_negative,HIGH,,,28.0,0.0,0.0
2019-08-12,LH.N,nan_or_zero_or_negative,HIGH,,,0.0,1.0,0.0
2019-08-12,LHX.N,nan_or_zero_or_negative,HIGH,,,0.0,1.0,0.0
2019-08-12,LYV.N,nan_or_zero_or_negative,HIGH,,,0.0,1.0,0.0
2019-08-12,MET.N,nan_or_zero_or_negative,HIGH,,,0.0,1.0,0.0
2019-08-12,MHK.N,nan_or_zero_or_negative,HIGH,,,0.0,3.0,0.0
2019-08-12,MTD.N,nan_or_zero_or_negative,HIGH,,,0.0,1.0,0.0
2019-08-12,PAYC.N,nan_or_zero_or_negative,HIGH,,,0.0,4.0,0.0
2019-08-12,PWR.N,nan_or_zero_or_negative,HIGH,,,0.0,1.0,0.0
2019-08-12,PXD.N,nan_or_zero_or_negative,HIGH,,,0.0,1.0,0.0
2019-08-12,RF.N,nan_or_zero_or_negative,HIGH,,,0.0,1.0,0.0
2019-08-12,ROL.N,nan_or_zero_or_negative,HIGH,,,0.0,1.0,0.0
2019-08-12,SCHW.N,nan_or_zero_or_negative,HIGH,,,23.0,0.0,0.0
2019-08-12,SEE.N,nan_or_zero_or_negative,HIGH,,,17.0,0.0,0.0
2019-08-12,SHW.N,nan_or_zero_or_negative,HIGH,,,23.0,2.0,0.0
2019-08-12,SJM.N,nan_or_zero_or_negative,HIGH,,,0.0,3.0,0.0
2019-08-12,SO.N,nan_or_zero_or_negative,HIGH,,,14.0,0.0,0.0
2019-08-12,SPGI.N,nan_or_zero_or_negative,HIGH,,,12.0,0.0,0.0
2019-08-12,STE.N,nan_or_zero_or_negative,HIGH,,,0.0,3.0,0.0
2019-08-12,STT.N,nan_or_zero_or_negative,HIGH,,,28.0,0.0,0.0
2019-08-12,STZ.N,nan_or_zero_or_negative,HIGH,,,28.0,0.0,0.0
2019-08-12,SWK.N,nan_or_zero_or_negative,HIGH,,,0.0,1.0,0.0
2019-08-12,TYL.N,nan_or_zero_or_negative,HIGH,,,0.0,3.0,0.0
2019-08-12,UDR.N,nan_or_zero_or_negative,HIGH,,,0.0,1.0,0.0
2019-08-12,UHS.N,nan_or_zero_or_negative,HIGH,,,0.0,3.0,0.0
2019-08-12,URI.N,nan_or_zero_or_negative,HIGH,,,0.0,1.0,0.0
2019-08-12,VFC.N,nan_or_zero_or_negative,HIGH,,,0.0,1.0,0.0
2019-08-12,VICI.N,nan_or_zero_or_negative,HIGH,,,12.0,0.0,0.0
2019-08-12,VLO.N,nan_or_zero_or_negative,HIGH,,,12.0,0.0,0.0
2019-08-12,VMC.N,nan_or_zero_or_negative,HIGH,,,0.0,1.0,0.0
2019-08-12,VTR.N,nan_or_zero_or_negative,HIGH,,,12.0,0.0,0.0
2019-08-12,WAB.N,nan_or_zero_or_negative,HIGH,,,28.0,0.0,0.0
2019-08-12,WAT.N,nan_or_zero_or_negative,HIGH,,,12.0,0.0,0.0
2019-08-12,WEC.N,nan_or_zero_or_negative,HIGH,,,0.0,1.0,0.0
2019-08-12,WELL.N,nan_or_zero_or_negative,HIGH,,,12.0,0.0,0.0
2019-08-12,WFC.N,nan_or_zero_or_negative,HIGH,,,12.0,0.0,0.0
2019-08-12,WHR.N,nan_or_zero_or_negative,HIGH,,,28.0,0.0,0.0
2019-08-12,WM.N,nan_or_zero_or_negative,HIGH,,,29.0,0.0,0.0
2019-08-12,WRB.N,nan_or_zero_or_negative,HIGH,,,12.0,0.0,0.0
2019-08-12,WST.N,nan_or_zero_or_negative,HIGH,,,0.0,3.0,0.0
2019-08-12,XOM.N,nan_or_zero_or_negative,HIGH,,,28.0,0.0,0.0
2019-08-12,XYL.N,nan_or_zero_or_negative,HIGH,,,0.0,1.0,0.0
2019-08-12,YUM.N,nan_or_zero_or_negative,HIGH,,,28.0,0.0,0.0
2019-08-12,ZBH.N,nan_or_zero_or_negative,HIGH,,,28.0,0.0,0.0
2019-08-12,FI.N,flat_run,MEDIUM,23.0,,,,
2019-08-12,CTRA.N,flat_run,LOW,11.0,,,,
2019-08-12,ABBV.N,extreme_jump,MEDIUM,,2.0,,,
2019-08-12,AES.N,extreme_jump,MEDIUM,,2.0,,,
2019-08-12,AIZ.N,extreme_jump,MEDIUM,,2.0,,,
2019-08-12,AJG.N,extreme_jump,MEDIUM,,2.0,,,
2019-08-12,ALL.N,extreme_jump,MEDIUM,,2.0,,,
2019-08-12,ANET.N,extreme_jump,MEDIUM,,2.0,,,
2019-08-12,AOS.N,extreme_jump,MEDIUM,,2.0,,,
2019-08-12,APD.N,extreme_jump,MEDIUM,,2.0,,,
2019-08-12,APH.N,extreme_jump,MEDIUM,,2.0,,,
2019-08-12,APTV.N,extreme_jump,MEDIUM,,2.0,,,
2019-08-12,ARE.N,extreme_jump,MEDIUM,,2.0,,,
2019-08-12,ATO.N,extreme_jump,MEDIUM,,2.0,,,
2019-08-12,AVB.N,extreme_jump,MEDIUM,,2.0,,,
2019-08-12,AVY.N,extreme_jump,MEDIUM,,2.0,,,
2019-08-12,AWK.N,extreme_jump,MEDIUM,,2.0,,,
2019-08-12,AXP.N,extreme_jump,MEDIUM,,2.0,,,
2019-08-12,AZO.N,extreme_jump,MEDIUM,,2.0,,,
2019-08-12,BA.N,extreme_jump,MEDIUM,,2.0,,,
2019-08-12,BAC.N,extreme_jump,MEDIUM,,2.0,,,
2019-08-12,BAX.N,extreme_jump,MEDIUM,,2.0,,,
2019-08-12,BBY.N,extreme_jump,MEDIUM,,2.0,,,
2019-08-12,BDX.N,extreme_jump,MEDIUM,,2.0,,,
2019-08-12,BEN.N,extreme_jump,MEDIUM,,2.0,,,
2019-08-12,BFb.N,extreme_jump,MEDIUM,,2.0,,,
2019-08-12,BG.N,extreme_jump,MEDIUM,,2.0,,,
2019-08-12,BIO.N,extreme_jump,MEDIUM,,2.0,,,
2019-08-12,BK.N,extreme_jump,MEDIUM,,2.0,,,
2019-08-12,BLK.N,extreme_jump,MEDIUM,,2.0,,,
2019-08-12,BMY.N,extreme_jump,MEDIUM,,2.0,,,
2019-08-12,BR.N,extreme_jump,MEDIUM,,2.0,,,
2019-08-12,BRO.N,extreme_jump,MEDIUM,,2.0,,,
2019-08-12,BSX.N,extreme_jump,MEDIUM,,2.0,,,
2019-08-12,BWA.N,extreme_jump,MEDIUM,,2.0,,,
2019-08-12,BX.N,extreme_jump,MEDIUM,,2.0,,,
2019-08-12,BXP.N,extreme_jump,MEDIUM,,2.0,,,
2019-08-12,CBOE.Z,extreme_jump,MEDIUM,,2.0,,,
2019-08-12,CCI.N,extreme_jump,MEDIUM,,2.0,,,
2019-08-12,CI.N,extreme_jump,MEDIUM,,2.0,,,
2019-08-12,CMS.N,extreme_jump,MEDIUM,,2.0,,,
2019-08-12,CPT.N,extreme_jump,MEDIUM,,2.0,,,
2019-08-12,CRL.N,extreme_jump,MEDIUM,,2.0,,,
2019-08-12,CTLT.N,extreme_jump,MEDIUM,,2.0,,,
2019-08-12,CTRA.N,extreme_jump,MEDIUM,,2.0,,,
2019-08-12,CVX.N,extreme_jump,MEDIUM,,2.0,,,
2019-08-12,D.N,extreme_jump,MEDIUM,,2.0,,,
2019-08-12,DG.N,extreme_jump,MEDIUM,,2.0,,,
2019-08-12,DGX.N,extreme_jump,MEDIUM,,2.0,,,
2019-08-12,DHR.N,extreme_jump,MEDIUM,,2.0,,,
2019-08-12,DLR.N,extreme_jump,MEDIUM,,2.0,,,
2019-08-12,DTE.N,extreme_jump,MEDIUM,,2.0,,,
2019-08-12,ECL.N,extreme_jump,MEDIUM,,2.0,,,
2019-08-12,ED.N,extreme_jump,MEDIUM,,2.0,,,
2019-08-12,EMN.N,extreme_jump,MEDIUM,,2.0,,,
2019-08-12,EPAM.N,extreme_jump,MEDIUM,,2.0,,,
2019-08-12,EQT.N,extreme_jump,MEDIUM,,2.0,,,
2019-08-12,ESS.N,extreme_jump,MEDIUM,,2.0,,,
2019-08-12,EW.N,extreme_jump,MEDIUM,,2.0,,,
2019-08-12,FI.N,extreme_jump,MEDIUM,,2.0,,,
2019-08-12,FICO.N,extreme_jump,MEDIUM,,2.0,,,
2019-08-12,FLT.N,extreme_jump,MEDIUM,,2.0,,,
2019-08-12,FMC.N,extreme_jump,MEDIUM,,2.0,,,
2019-08-12,GD.N,extreme_jump,MEDIUM,,2.0,,,
2019-08-12,GL.N,extreme_jump,MEDIUM,,2.0,,,
2019-08-12,GPC.N,extreme_jump,MEDIUM,,2.0,,,
2019-08-12,GPN.N,extreme_jump,MEDIUM,,2.0,,,
2019-08-12,GWW.N,extreme_jump,MEDIUM,,2.0,,,
2019-08-12,HCA.N,extreme_jump,MEDIUM,,2.0,,,
2019-08-12,HIG.N,extreme_jump,MEDIUM,,2.0,,,
2019-08-12,HRL.N,extreme_jump,MEDIUM,,2.0,,,
2019-08-12,HSY.N,extreme_jump,MEDIUM,,2.0,,,
2019-08-12,HUBB.N,extreme_jump,MEDIUM,,2.0,,,
2019-08-12,HUM.N,extreme_jump,MEDIUM,,2.0,,,
2019-08-12,IFF.N,extreme_jump,MEDIUM,,2.0,,,
2019-08-12,IT.N,extreme_jump,MEDIUM,,2.0,,,
2019-08-12,IVZ.N,extreme_jump,MEDIUM,,2.0,,,
2019-08-12,JCI.N,extreme_jump,MEDIUM,,2.0,,,
2019-08-12,KEY.N,extreme_jump,MEDIUM,,2.0,,,
2019-08-12,KMI.N,extreme_jump,MEDIUM,,2.0,,,
2019-08-12,KMX.N,extreme_jump,MEDIUM,,2.0,,,
2019-08-12,LDOS.N,extreme_jump,MEDIUM,,2.0,,,
2019-08-12,LH.N,extreme_jump,MEDIUM,,2.0,,,
2019-08-12,LHX.N,extreme_jump,MEDIUM,,2.0,,,
2019-08-12,LW.N,extreme_jump,MEDIUM,,2.0,,,
2019-08-12,LYV.N,extreme_jump,MEDIUM,,2.0,,,
2019-08-12,MAA.N,extreme_jump,MEDIUM,,2.0,,,
2019-08-12,MCK.N,extreme_jump,MEDIUM,,2.0,,,
2019-08-12,MET.N,extreme_jump,MEDIUM,,2.0,,,
2019-08-12,MHK.N,extreme_jump,MEDIUM,,2.0,,,
2019-08-12,MLM.N,extreme_jump,MEDIUM,,2.0,,,
2019-08-12,MOH.N,extreme_jump,MEDIUM,,2.0,,,
2019-08-12,MTB.N,extreme_jump,MEDIUM,,2.0,,,
2019-08-12,MTD.N,extreme_jump,MEDIUM,,2.0,,,
2019-08-12,NVR.N,extreme_jump,MEDIUM,,2.0,,,
2019-08-12,PAYC.N,extreme_jump,MEDIUM,,2.0,,,
2019-08-12,PKG.N,extreme_jump,MEDIUM,,2.0,,,
2019-08-12,PLD.N,extreme_jump,MEDIUM,,2.0,,,
2019-08-12,PWR.N,extreme_jump,MEDIUM,,2.0,,,
2019-08-12,PXD.N,extreme_jump,MEDIUM,,2.0,,,
2019-08-12,RF.N,extreme_jump,MEDIUM,,2.0,,,
2019-08-12,RHI.N,extreme_jump,MEDIUM,,2.0,,,
2019-08-12,RL.N,extreme_jump,MEDIUM,,2.0,,,
2019-08-12,ROL.N,extreme_jump,MEDIUM,,2.0,,,
2019-08-12,SEE.N,extreme_jump,MEDIUM,,2.0,,,
2019-08-12,SHW.N,extreme_jump,MEDIUM,,2.0,,,
2019-08-12,SJM.N,extreme_jump,MEDIUM,,2.0,,,
2019-08-12,STE.N,extreme_jump,MEDIUM,,2.0,,,
2019-08-12,STT.N,extreme_jump,MEDIUM,,2.0,,,
2019-08-12,STZ.N,extreme_jump,MEDIUM,,2.0,,,
2019-08-12,SWK.N,extreme_jump,MEDIUM,,2.0,,,
2019-08-12,SYK.N,extreme_jump,MEDIUM,,2.0,,,
2019-08-12,TDY.N,extreme_jump,MEDIUM,,2.0,,,
2019-08-12,TFX.N,extreme_jump,MEDIUM,,2.0,,,
2019-08-12,TXT.N,extreme_jump,MEDIUM,,2.0,,,
2019-08-12,TYL.N,extreme_jump,MEDIUM,,2.0,,,
2019-08-12,UDR.N,extreme_jump,MEDIUM,,2.0,,,
2019-08-12,UHS.N,extreme_jump,MEDIUM,,2.0,,,
2019-08-12,URI.N,extreme_jump,MEDIUM,,2.0,,,
2019-08-12,VFC.N,extreme_jump,MEDIUM,,2.0,,,
2019-08-12,VICI.N,extreme_jump,MEDIUM,,2.0,,,
2019-08-12,VMC.N,extreme_jump,MEDIUM,,2.0,,,
2019-08-12,WAB.N,extreme_jump,MEDIUM,,2.0,,,
2019-08-12,WEC.N,extreme_jump,MEDIUM,,2.0,,,
2019-08-12,WELL.N,extreme_jump,MEDIUM,,2.0,,,
2019-08-12,WHR.N,extreme_jump,MEDIUM,,2.0,,,
2019-08-12,WRB.N,extreme_jump,MEDIUM,,2.0,,,
2019-08-12,WST.N,extreme_jump,MEDIUM,,2.0,,,
2019-08-12,XYL.N,extreme_jump,MEDIUM,,2.0,,,
2019-08-12,YUM.N,extreme_jump,MEDIUM,,2.0,,,
2019-08-12,ZTS.N,extreme_jump,MEDIUM,,2.0,,,
2019-08-13,AMCR.N,flat_run,LOW,10.0,,,,
2019-08-13,FI.N,flat_run,LOW,18.0,,,,
2019-08-14,FI.N,flat_run,LOW,10.0,,,,
2019-08-15,BIO.N,flat_run,LOW,11.0,,,,
2019-08-15,FI.N,flat_run,LOW,15.0,,,,
2019-08-16,FI.N,flat_run,LOW,11.0,,,,
2019-08-19,CTRA.N,flat_run,LOW,10.0,,,,
2019-08-20,AMCR.N,flat_run,LOW,15.0,,,,
2019-08-20,CTRA.N,flat_run,LOW,13.0,,,,
2019-08-20,CZR.OQ,flat_run,LOW,10.0,,,,
2019-08-20,NWSA.OQ,flat_run,LOW,10.0,,,,
2019-08-21,CZR.OQ,flat_run,LOW,12.0,,,,
2019-08-21,FI.N,flat_run,LOW,11.0,,,,
2019-08-22,CTRA.N,flat_run,LOW,13.0,,,,
2019-08-22,NWSA.OQ,flat_run,LOW,16.0,,,,
2019-08-23,TDY.N,flat_run,LOW,10.0,,,,
2019-08-26,FI.N,flat_run,LOW,12.0,,,,
2019-08-26,NWS.OQ,flat_run,LOW,11.0,,,,
2019-08-27,CZR.OQ,flat_run,LOW,11.0,,,,
2019-08-27,FI.N,flat_run,LOW,18.0,,,,
2019-08-28,AMCR.N,flat_run,LOW,19.0,,,,
2019-08-28,HPQ.N,flat_run,LOW,13.0,,,,
2019-08-30,AMCR.N,flat_run,LOW,11.0,,,,
2019-08-30,FI.N,flat_run,LOW,13.0,,,,
2019-08-30,NWS.OQ,flat_run,LOW,10.0,,,,
2019-08-30,NWSA.OQ,flat_run,LOW,12.0,,,,
2019-08-30,VICI.N,flat_run,LOW,10.0,,,,
2019-09-03,F.N,flat_run,LOW,15.0,,,,
2019-09-04,AES.N,flat_run,LOW,11.0,,,,
2019-09-04,KMI.N,flat_run,LOW,13.0,,,,
2019-09-04,NWSA.OQ,flat_run,LOW,14.0,,,,
2019-09-05,AMCR.N,flat_run,LOW,12.0,,,,
2019-09-05,NWS.OQ,flat_run,LOW,12.0,,,,
2019-09-06,AES.N,flat_run,LOW,11.0,,,,
2019-09-06,NWSA.OQ,flat_run,LOW,10.0,,,,
2019-09-06,VICI.N,flat_run,LOW,13.0,,,,
2019-09-10,AES.N,flat_run,LOW,10.0,,,,
2019-09-10,NWSA.OQ,flat_run,LOW,10.0,,,,
2019-09-11,CTRA.N,flat_run,LOW,15.0,,,,
2019-09-12,CZR.OQ,flat_run,LOW,13.0,,,,
2019-09-12,VICI.N,flat_run,LOW,10.0,,,,
2019-09-13,CZR.OQ,flat_run,LOW,17.0,,,,
2019-09-13,NWSA.OQ,flat_run,LOW,10.0,,,,
2019-09-16,HPE.N,flat_run,LOW,10.0,,,,
2019-09-16,NWSA.OQ,flat_run,LOW,10.0,,,,
2019-09-18,AMCR.N,flat_run,LOW,11.0,,,,
2019-09-18,CZR.OQ,flat_run,LOW,15.0,,,,
2019-09-18,NWS.OQ,flat_run,LOW,12.0,,,,
2019-09-18,NWSA.OQ,flat_run,LOW,13.0,,,,
2019-09-19,AMCR.N,flat_run,LOW,12.0,,,,
2019-09-19,CZR.OQ,flat_run,LOW,10.0,,,,
2019-09-19,F.N,flat_run,LOW,12.0,,,,
2019-09-19,FI.N,flat_run,LOW,10.0,,,,
2019-09-19,GRMN.N,flat_run,LOW,12.0,,,,
2019-09-20,AMCR.N,flat_run,LOW,10.0,,,,
2019-09-20,VICI.N,flat_run,LOW,10.0,,,,
2019-09-23,AMCR.N,flat_run,LOW,10.0,,,,
2019-09-23,TDY.N,flat_run,LOW,14.0,,,,
2019-09-24,AMCR.N,flat_run,LOW,15.0,,,,
2019-09-24,CZR.OQ,flat_run,LOW,12.0,,,,
2019-09-26,AMCR.N,flat_run,LOW,12.0,,,,
2019-09-26,NWSA.OQ,flat_run,LOW,12.0,,,,
2019-09-30,NWSA.OQ,flat_run,LOW,11.0,,,,
2019-09-30,VICI.N,flat_run,LOW,10.0,,,,
2019-10-01,NWS.OQ,flat_run,LOW,13.0,,,,
2019-10-02,AMCR.N,flat_run,LOW,13.0,,,,
2019-10-02,CZR.OQ,flat_run,LOW,10.0,,,,
2019-10-02,NWSA.OQ,flat_run,LOW,10.0,,,,
2019-10-03,GRMN.N,flat_run,LOW,11.0,,,,
2019-10-04,GRMN.N,flat_run,LOW,10.0,,,,
2019-10-08,AMCR.N,flat_run,LOW,14.0,,,,
2019-10-08,CZR.OQ,flat_run,LOW,14.0,,,,
2019-10-08,FI.N,flat_run,LOW,18.0,,,,
2019-10-09,CTRA.N,flat_run,LOW,15.0,,,,
2019-10-09,CZR.OQ,flat_run,LOW,17.0,,,,
2019-10-09,F.N,flat_run,LOW,11.0,,,,
2019-10-09,FI.N,flat_run,LOW,10.0,,,,
2019-10-09,GRMN.N,flat_run,LOW,11.0,,,,
2019-10-10,CZR.OQ,flat_run,LOW,11.0,,,,
2019-10-10,FI.N,flat_run,LOW,11.0,,,,
2019-10-10,NWS.OQ,flat_run,LOW,10.0,,,,
2019-10-11,AMCR.N,flat_run,LOW,10.0,,,,
2019-10-11,CZR.OQ,flat_run,LOW,10.0,,,,
2019-10-11,NWSA.OQ,flat_run,LOW,13.0,,,,
2019-10-14,CZR.OQ,flat_run,MEDIUM,23.0,,,,
2019-10-14,NWS.OQ,flat_run,MEDIUM,25.0,,,,
2019-10-14,CTRA.N,flat_run,LOW,10.0,,,,
2019-10-14,NWSA.OQ,flat_run,LOW,15.0,,,,
2019-10-15,CZR.OQ,flat_run,LOW,13.0,,,,
2019-10-15,F.N,flat_run,LOW,10.0,,,,
2019-10-15,FI.N,flat_run,LOW,18.0,,,,
2019-10-15,POOL.OQ,flat_run,LOW,12.0,,,,
2019-10-16,AMCR.N,flat_run,LOW,13.0,,,,
2019-10-16,NWSA.OQ,flat_run,LOW,10.0,,,,
2019-10-17,CZR.OQ,flat_run,MEDIUM,20.0,,,,
2019-10-17,AES.N,flat_run,LOW,10.0,,,,
2019-10-17,AMCR.N,flat_run,LOW,11.0,,,,
2019-10-17,CTRA.N,flat_run,LOW,10.0,,,,
2019-10-17,GE.N,flat_run,LOW,16.0,,,,
2019-10-17,NWS.OQ,flat_run,LOW,14.0,,,,
2019-10-17,NWSA.OQ,flat_run,LOW,15.0,,,,
2019-10-18,AMCR.N,flat_run,MEDIUM,21.0,,,,
2019-10-18,AES.N,flat_run,LOW,18.0,,,,
2019-10-18,CZR.OQ,flat_run,LOW,19.0,,,,
2019-10-18,F.N,flat_run,LOW,10.0,,,,
2019-10-21,AMCR.N,flat_run,LOW,10.0,,,,
2019-10-21,CTRA.N,flat_run,LOW,10.0,,,,
2019-10-21,CZR.OQ,flat_run,LOW,11.0,,,,
2019-10-21,F.N,flat_run,LOW,14.0,,,,
2019-10-22,AMCR.N,flat_run,LOW,13.0,,,,
2019-10-22,CZR.OQ,flat_run,LOW,12.0,,,,
2019-10-22,GRMN.N,flat_run,LOW,14.0,,,,
2019-10-22,HPE.N,flat_run,LOW,10.0,,,,
2019-10-22,NWS.OQ,flat_run,LOW,13.0,,,,
2019-10-23,CZR.OQ,flat_run,MEDIUM,23.0,,,,
2019-10-23,F.N,flat_run,LOW,17.0,,,,
2019-10-23,FI.N,flat_run,LOW,10.0,,,,
2019-10-23,NWS.OQ,flat_run,LOW,10.0,,,,
2019-10-24,CZR.OQ,flat_run,LOW,15.0,,,,
2019-10-24,GE.N,flat_run,LOW,12.0,,,,
2019-10-25,AMCR.N,flat_run,LOW,18.0,,,,
2019-10-25,CZR.OQ,flat_run,LOW,14.0,,,,
2019-10-25,F.N,flat_run,LOW,12.0,,,,
2019-10-25,FI.N,flat_run,LOW,11.0,,,,
2019-10-25,NWSA.OQ,flat_run,LOW,10.0,,,,
2019-10-28,FI.N,flat_run,MEDIUM,35.0,,,,
2019-10-28,CZR.OQ,flat_run,LOW,13.0,,,,
2019-10-28,INVH.N,flat_run,LOW,15.0,,,,
2019-10-28,NWSA.OQ,flat_run,LOW,10.0,,,,
2019-10-29,AES.N,flat_run,LOW,11.0,,,,
2019-10-29,AMCR.N,flat_run,LOW,14.0,,,,
2019-10-29,CTRA.N,flat_run,LOW,10.0,,,,
2019-10-29,CZR.OQ,flat_run,LOW,13.0,,,,
2019-10-29,FI.N,flat_run,LOW,10.0,,,,
2019-10-29,NWS.OQ,flat_run,LOW,10.0,,,,
2019-10-30,F.N,flat_run,MEDIUM,25.0,,,,
2019-10-30,AMCR.N,flat_run,LOW,16.0,,,,
2019-10-30,CZR.OQ,flat_run,LOW,13.0,,,,
2019-10-30,FI.N,flat_run,LOW,14.0,,,,
2019-11-01,AMCR.N,flat_run,LOW,12.0,,,,
2019-11-01,CZR.OQ,flat_run,LOW,12.0,,,,
2019-11-01,F.N,flat_run,LOW,13.0,,,,
2019-11-01,FI.N,flat_run,LOW,11.0,,,,
2019-11-01,GE.N,flat_run,LOW,11.0,,,,
2019-11-04,F.N,flat_run,MEDIUM,27.0,,,,
2019-11-04,AMCR.N,flat_run,LOW,11.0,,,,
2019-11-04,CZR.OQ,flat_run,LOW,12.0,,,,
2019-11-04,FI.N,flat_run,LOW,11.0,,,,
2019-11-04,NWS.OQ,flat_run,LOW,12.0,,,,
2019-11-05,CTRA.N,flat_run,LOW,13.0,,,,
2019-11-05,CZR.OQ,flat_run,LOW,12.0,,,,
2019-11-06,FI.N,flat_run,MEDIUM,25.0,,,,
2019-11-06,AMCR.N,flat_run,LOW,10.0,,,,
2019-11-06,CTRA.N,flat_run,LOW,10.0,,,,
2019-11-06,GRMN.N,flat_run,LOW,16.0,,,,
2019-11-07,FI.N,flat_run,MEDIUM,21.0,,,,
2019-11-07,F.N,flat_run,LOW,12.0,,,,
2019-11-08,F.N,flat_run,MEDIUM,24.0,,,,
2019-11-08,CTRA.N,flat_run,LOW,11.0,,,,
2019-11-08,FI.N,flat_run,LOW,15.0,,,,
2019-11-08,VICI.N,flat_run,LOW,15.0,,,,
2019-11-11,AMCR.N,flat_run,MEDIUM,20.0,,,,
2019-11-11,WY.N,flat_run,LOW,10.0,,,,
2019-11-12,F.N,flat_run,MEDIUM,40.0,,,,
2019-11-12,AMCR.N,flat_run,LOW,11.0,,,,
2019-11-12,FI.N,flat_run,LOW,10.0,,,,
2019-11-13,AMCR.N,flat_run,LOW,12.0,,,,
2019-11-13,CTRA.N,flat_run,LOW,10.0,,,,
2019-11-13,CZR.OQ,flat_run,LOW,12.0,,,,
2019-11-13,F.N,flat_run,LOW,11.0,,,,
2019-11-13,HBAN.OQ,flat_run,LOW,12.0,,,,
2019-11-14,NWS.OQ,flat_run,LOW,10.0,,,,
2019-11-14,NWSA.OQ,flat_run,LOW,10.0,,,,
2019-11-15,AMCR.N,flat_run,MEDIUM,23.0,,,,
2019-11-15,CZR.OQ,flat_run,LOW,17.0,,,,
2019-11-15,F.N,flat_run,LOW,18.0,,,,
2019-11-15,IPG.N,flat_run,LOW,10.0,,,,
2019-11-15,KIM.N,flat_run,LOW,14.0,,,,
2019-11-15,PEAK.N,flat_run,LOW,10.0,,,,
2019-11-18,F.N,flat_run,MEDIUM,20.0,,,,
2019-11-18,FI.N,flat_run,LOW,15.0,,,,
2019-11-18,NWS.OQ,flat_run,LOW,15.0,,,,
2019-11-19,CZR.OQ,flat_run,LOW,12.0,,,,
2019-11-19,FI.N,flat_run,LOW,10.0,,,,
2019-11-19,NWS.OQ,flat_run,LOW,10.0,,,,
2019-11-20,AMCR.N,flat_run,LOW,11.0,,,,
2019-11-20,CZR.OQ,flat_run,LOW,17.0,,,,
2019-11-20,HBAN.OQ,flat_run,LOW,18.0,,,,
2019-11-20,NWSA.OQ,flat_run,LOW,10.0,,,,
2019-11-21,CZR.OQ,flat_run,LOW,14.0,,,,
2019-11-21,FI.N,flat_run,LOW,11.0,,,,
2019-11-22,AMCR.N,flat_run,LOW,10.0,,,,
2019-11-22,CZR.OQ,flat_run,LOW,16.0,,,,
2019-11-22,F.N,flat_run,LOW,14.0,,,,
2019-11-22,FI.N,flat_run,LOW,15.0,,,,
2019-11-25,AMCR.N,flat_run,LOW,16.0,,,,
2019-11-25,CZR.OQ,flat_run,LOW,11.0,,,,
2019-11-25,F.N,flat_run,LOW,16.0,,,,
2019-11-25,FI.N,flat_run,LOW,10.0,,,,
2019-11-25,NWS.OQ,flat_run,LOW,10.0,,,,
2019-11-25,NWSA.OQ,flat_run,LOW,14.0,,,,
2019-11-26,NWS.OQ,flat_run,MEDIUM,22.0,,,,
2019-11-26,CZR.OQ,flat_run,LOW,13.0,,,,
2019-11-26,F.N,flat_run,LOW,12.0,,,,
2019-11-26,NWSA.OQ,flat_run,LOW,13.0,,,,
2019-11-27,F.N,flat_run,MEDIUM,24.0,,,,
2019-11-27,AMCR.N,flat_run,LOW,13.0,,,,
2019-11-27,CTRA.N,flat_run,LOW,13.0,,,,
2019-11-27,CZR.OQ,flat_run,LOW,10.0,,,,
2019-11-27,NWS.OQ,flat_run,LOW,10.0,,,,
2019-11-27,NWSA.OQ,flat_run,LOW,10.0,,,,
2019-12-02,AMCR.N,flat_run,LOW,13.0,,,,
2019-12-02,NWS.OQ,flat_run,LOW,10.0,,,,
2019-12-03,AMCR.N,flat_run,LOW,12.0,,,,
2019-12-03,F.N,flat_run,LOW,10.0,,,,
2019-12-04,CZR.OQ,flat_run,MEDIUM,24.0,,,,
2019-12-04,AMCR.N,flat_run,LOW,11.0,,,,
2019-12-04,CTRA.N,flat_run,LOW,11.0,,,,
2019-12-04,GE.N,flat_run,LOW,12.0,,,,
2019-12-05,BIIB.OQ,nan_or_zero_or_negative,HIGH,,,0.0,35.0,0.0
2019-12-05,BIIB.OQ,flat_run,MEDIUM,35.0,,,,
2019-12-05,CZR.OQ,flat_run,MEDIUM,37.0,,,,
2019-12-05,FI.N,flat_run,LOW,16.0,,,,
2019-12-05,BIIB.OQ,extreme_jump,MEDIUM,,2.0,,,
2019-12-06,CZR.OQ,flat_run,MEDIUM,34.0,,,,
2019-12-06,AMCR.N,flat_run,LOW,15.0,,,,
2019-12-06,FI.N,flat_run,LOW,12.0,,,,
2019-12-06,GE.N,flat_run,LOW,12.0,,,,
2019-12-06,HPE.N,flat_run,LOW,13.0,,,,
2019-12-06,VICI.N,flat_run,LOW,13.0,,,,
2019-12-09,F.N,flat_run,MEDIUM,27.0,,,,
2019-12-09,FI.N,flat_run,MEDIUM,21.0,,,,
2019-12-09,AES.N,flat_run,LOW,11.0,,,,
2019-12-09,AMCR.N,flat_run,LOW,11.0,,,,
2019-12-09,CZR.OQ,flat_run,LOW,15.0,,,,
2019-12-09,NWS.OQ,flat_run,LOW,14.0,,,,
2019-12-09,NWSA.OQ,flat_run,LOW,13.0,,,,
2019-12-10,CZR.OQ,flat_run,MEDIUM,29.0,,,,
2019-12-10,F.N,flat_run,LOW,12.0,,,,
2019-12-11,FI.N,flat_run,LOW,11.0,,,,
2019-12-11,HPE.N,flat_run,LOW,11.0,,,,
2019-12-11,NWS.OQ,flat_run,LOW,13.0,,,,
2019-12-11,NWSA.OQ,flat_run,LOW,12.0,,,,
2019-12-12,AMCR.N,flat_run,LOW,14.0,,,,
2019-12-12,CZR.OQ,flat_run,LOW,11.0,,,,
2019-12-12,F.N,flat_run,LOW,12.0,,,,
2019-12-12,FI.N,flat_run,LOW,16.0,,,,
2019-12-13,CZR.OQ,flat_run,LOW,11.0,,,,
2019-12-13,GRMN.N,flat_run,LOW,10.0,,,,
2019-12-13,NWSA.OQ,flat_run,LOW,11.0,,,,
2019-12-16,CZR.OQ,flat_run,MEDIUM,25.0,,,,
2019-12-16,EPAM.N,flat_run,LOW,11.0,,,,
2019-12-16,FI.N,flat_run,LOW,18.0,,,,
2019-12-16,NWS.OQ,flat_run,LOW,18.0,,,,
2019-12-17,CZR.OQ,flat_run,LOW,11.0,,,,
2019-12-17,FI.N,flat_run,LOW,12.0,,,,
2019-12-17,KMI.N,flat_run,LOW,15.0,,,,
2019-12-17,NWS.OQ,flat_run,LOW,17.0,,,,
2019-12-17,NWSA.OQ,flat_run,LOW,11.0,,,,
2019-12-18,AMCR.N,flat_run,LOW,11.0,,,,
2019-12-18,FI.N,flat_run,LOW,13.0,,,,
2019-12-18,NWS.OQ,flat_run,LOW,14.0,,,,
2019-12-18,NWSA.OQ,flat_run,LOW,16.0,,,,
2019-12-19,FI.N,flat_run,MEDIUM,33.0,,,,
2019-12-19,CZR.OQ,flat_run,LOW,13.0,,,,
2019-12-19,F.N,flat_run,LOW,10.0,,,,
2019-12-19,HPE.N,flat_run,LOW,15.0,,,,
2019-12-19,NWS.OQ,flat_run,LOW,10.0,,,,
2019-12-19,TECH.OQ,flat_run,LOW,13.0,,,,
2019-12-20,CZR.OQ,flat_run,LOW,18.0,,,,
2019-12-20,FI.N,flat_run,LOW,11.0,,,,
2019-12-20,NWS.OQ,flat_run,LOW,11.0,,,,
2019-12-23,BIO.N,flat_run,LOW,11.0,,,,
2019-12-23,FI.N,flat_run,LOW,17.0,,,,
2019-12-23,KMI.N,flat_run,LOW,12.0,,,,
2019-12-23,NWS.OQ,flat_run,LOW,13.0,,,,
2019-12-23,NWSA.OQ,flat_run,LOW,10.0,,,,
2019-12-26,FI.N,flat_run,MEDIUM,25.0,,,,
2019-12-26,F.N,flat_run,LOW,15.0,,,,
2019-12-26,GRMN.N,flat_run,LOW,14.0,,,,
2019-12-26,JNPR.N,flat_run,LOW,10.0,,,,
2019-12-26,NWS.OQ,flat_run,LOW,14.0,,,,
2019-12-26,NWSA.OQ,flat_run,LOW,15.0,,,,
2019-12-27,CZR.OQ,flat_run,LOW,17.0,,,,
2019-12-27,F.N,flat_run,LOW,15.0,,,,
2019-12-27,FI.N,flat_run,LOW,14.0,,,,
2019-12-27,GE.N,flat_run,LOW,10.0,,,,
2019-12-27,NWS.OQ,flat_run,LOW,16.0,,,,
2019-12-27,NWSA.OQ,flat_run,LOW,10.0,,,,
2019-12-30,CTRA.N,flat_run,LOW,11.0,,,,
2019-12-30,NWS.OQ,flat_run,LOW,10.0,,,,
2019-12-30,NWSA.OQ,flat_run,LOW,11.0,,,,
2019-12-31,CZR.OQ,flat_run,MEDIUM,23.0,,,,
2019-12-31,CTRA.N,flat_run,LOW,12.0,,,,
2019-12-31,F.N,flat_run,LOW,13.0,,,,
2019-12-31,FI.N,flat_run,LOW,14.0,,,,
2019-12-31,NWS.OQ,flat_run,LOW,11.0,,,,
2019-12-31,NWSA.OQ,flat_run,LOW,10.0,,,,
2020-01-02,AMCR.N,flat_run,LOW,12.0,,,,
2020-01-02,F.N,flat_run,LOW,12.0,,,,
2020-01-02,FI.N,flat_run,LOW,12.0,,,,
2020-01-02,VICI.N,flat_run,LOW,11.0,,,,
2020-01-03,F.N,flat_run,LOW,12.0,,,,
2020-01-03,FI.N,flat_run,LOW,13.0,,,,
2020-01-03,NWS.OQ,flat_run,LOW,11.0,,,,
2020-01-03,NWSA.OQ,flat_run,LOW,12.0,,,,
2020-01-06,FI.N,flat_run,MEDIUM,25.0,,,,
2020-01-06,SYF.N,flat_run,LOW,15.0,,,,
2020-01-07,FI.N,flat_run,LOW,11.0,,,,
2020-01-07,NWS.OQ,flat_run,LOW,10.0,,,,
2020-01-08,CZR.OQ,flat_run,LOW,10.0,,,,
2020-01-08,NWS.OQ,flat_run,LOW,11.0,,,,
2020-01-08,NWSA.OQ,flat_run,LOW,11.0,,,,
2020-01-09,CZR.OQ,flat_run,MEDIUM,20.0,,,,
2020-01-09,AMCR.N,flat_run,LOW,17.0,,,,
2020-01-09,CTRA.N,flat_run,LOW,10.0,,,,
2020-01-09,FI.N,flat_run,LOW,10.0,,,,
2020-01-09,LKQ.OQ,flat_run,LOW,10.0,,,,
2020-01-09,NWSA.OQ,flat_run,LOW,13.0,,,,
2020-01-10,AMCR.N,flat_run,LOW,17.0,,,,
2020-01-10,CZR.OQ,flat_run,LOW,10.0,,,,
2020-01-10,F.N,flat_run,LOW,14.0,,,,
2020-01-10,FI.N,flat_run,LOW,14.0,,,,
2020-01-10,HPQ.N,flat_run,LOW,12.0,,,,
2020-01-10,NWS.OQ,flat_run,LOW,10.0,,,,
2020-01-13,FI.N,flat_run,MEDIUM,25.0,,,,
2020-01-13,AMCR.N,flat_run,LOW,18.0,,,,
2020-01-13,CTRA.N,flat_run,LOW,13.0,,,,
2020-01-13,NWS.OQ,flat_run,LOW,12.0,,,,
2020-01-13,NWSA.OQ,flat_run,LOW,11.0,,,,
2020-01-13,VICI.N,flat_run,LOW,11.0,,,,
2020-01-14,NWS.OQ,flat_run,MEDIUM,36.0,,,,
2020-01-14,NWSA.OQ,flat_run,MEDIUM,36.0,,,,
2020-01-14,AMCR.N,flat_run,LOW,13.0,,,,
2020-01-14,CZR.OQ,flat_run,LOW,12.0,,,,
2020-01-14,FI.N,flat_run,LOW,16.0,,,,
2020-01-14,HBAN.OQ,flat_run,LOW,10.0,,,,
2020-01-14,JNPR.N,flat_run,LOW,11.0,,,,
2020-01-15,CZR.OQ,flat_run,LOW,11.0,,,,
2020-01-15,FI.N,flat_run,LOW,10.0,,,,
2020-01-15,GE.N,flat_run,LOW,12.0,,,,
2020-01-15,NWSA.OQ,flat_run,LOW,13.0,,,,
2020-01-16,AMCR.N,flat_run,LOW,18.0,,,,
2020-01-16,CZR.OQ,flat_run,LOW,12.0,,,,
2020-01-16,F.N,flat_run,LOW,11.0,,,,
2020-01-16,HBAN.OQ,flat_run,LOW,13.0,,,,
2020-01-16,VICI.N,flat_run,LOW,13.0,,,,
2020-01-17,FI.N,flat_run,MEDIUM,20.0,,,,
2020-01-17,CZR.OQ,flat_run,LOW,13.0,,,,
2020-01-17,GE.N,flat_run,LOW,11.0,,,,
2020-01-21,AMCR.N,flat_run,LOW,15.0,,,,
2020-01-21,FI.N,flat_run,LOW,18.0,,,,
2020-01-21,NWS.OQ,flat_run,LOW,14.0,,,,
2020-01-21,NWSA.OQ,flat_run,LOW,14.0,,,,
2020-01-22,AMCR.N,flat_run,LOW,18.0,,,,
2020-01-22,CTRA.N,flat_run,LOW,12.0,,,,
2020-01-22,F.N,flat_run,LOW,10.0,,,,
2020-01-22,FI.N,flat_run,LOW,14.0,,,,
2020-01-23,CZR.OQ,flat_run,LOW,10.0,,,,
2020-01-23,FI.N,flat_run,LOW,19.0,,,,
2020-01-24,FI.N,flat_run,MEDIUM,28.0,,,,
2020-01-24,AMCR.N,flat_run,LOW,18.0,,,,
2020-01-27,CTRA.N,flat_run,LOW,10.0,,,,
2020-01-27,FI.N,flat_run,LOW,16.0,,,,
2020-01-29,CTRA.N,flat_run,LOW,14.0,,,,
2020-01-29,FI.N,flat_run,LOW,11.0,,,,
2020-01-30,CTRA.N,flat_run,LOW,11.0,,,,
2020-01-30,FI.N,flat_run,LOW,11.0,,,,
2020-01-31,CTRA.N,flat_run,LOW,13.0,,,,
2020-01-31,FI.N,flat_run,LOW,17.0,,,,
2020-02-03,FI.N,flat_run,MEDIUM,22.0,,,,
2020-02-03,AMCR.N,flat_run,LOW,10.0,,,,
2020-02-03,CTRA.N,flat_run,LOW,11.0,,,,
2020-02-03,CZR.OQ,flat_run,LOW,11.0,,,,
2020-02-04,AMCR.N,flat_run,LOW,10.0,,,,
2020-02-04,FI.N,flat_run,LOW,15.0,,,,
2020-02-05,AMCR.N,flat_run,LOW,13.0,,,,
2020-02-05,F.N,flat_run,LOW,14.0,,,,
2020-02-05,NWSA.OQ,flat_run,LOW,10.0,,,,
2020-02-06,F.N,flat_run,MEDIUM,20.0,,,,
2020-02-06,FI.N,flat_run,LOW,15.0,,,,
2020-02-07,CZR.OQ,flat_run,MEDIUM,20.0,,,,
2020-02-07,FI.N,flat_run,LOW,13.0,,,,
2020-02-10,FI.N,flat_run,MEDIUM,20.0,,,,
2020-02-10,AES.N,flat_run,LOW,10.0,,,,
2020-02-10,AMCR.N,flat_run,LOW,12.0,,,,
2020-02-10,WY.N,flat_run,LOW,14.0,,,,
2020-02-11,FI.N,flat_run,MEDIUM,29.0,,,,
2020-02-11,GRMN.N,flat_run,LOW,10.0,,,,
2020-02-11,NWS.OQ,flat_run,LOW,12.0,,,,
2020-02-11,NWSA.OQ,flat_run,LOW,11.0,,,,
2020-02-12,CTRA.N,flat_run,LOW,18.0,,,,
2020-02-12,FI.N,flat_run,LOW,12.0,,,,
2020-02-12,IVZ.N,flat_run,LOW,10.0,,,,
2020-02-13,AMCR.N,flat_run,LOW,13.0,,,,
2020-02-13,CTRA.N,flat_run,LOW,10.0,,,,
2020-02-13,FI.N,flat_run,LOW,16.0,,,,
2020-02-13,HPE.N,flat_run,LOW,11.0,,,,
2020-02-14,FI.N,flat_run,MEDIUM,20.0,,,,
2020-02-14,AES.N,flat_run,LOW,15.0,,,,
2020-02-14,CZR.OQ,flat_run,LOW,13.0,,,,
2020-02-14,F.N,flat_run,LOW,10.0,,,,
2020-02-14,TECH.OQ,flat_run,LOW,16.0,,,,
2020-02-18,CTRA.N,flat_run,LOW,14.0,,,,
2020-02-18,NWS.OQ,flat_run,LOW,11.0,,,,
2020-02-19,AMCR.N,flat_run,LOW,13.0,,,,
2020-02-19,F.N,flat_run,LOW,15.0,,,,
2020-02-19,FI.N,flat_run,LOW,10.0,,,,
2020-02-19,IPG.N,flat_run,LOW,10.0,,,,
2020-02-19,NWS.OQ,flat_run,LOW,12.0,,,,
2020-02-19,NWSA.OQ,flat_run,LOW,11.0,,,,
2020-02-21,NWSA.OQ,flat_run,MEDIUM,21.0,,,,
2020-02-21,AMCR.N,flat_run,LOW,11.0,,,,
2020-02-21,FI.N,flat_run,LOW,12.0,,,,
2020-02-24,CTRA.N,flat_run,LOW,13.0,,,,
2020-02-24,F.N,flat_run,LOW,11.0,,,,
2020-02-24,FI.N,flat_run,LOW,15.0,,,,
2020-02-25,CTRA.N,flat_run,LOW,11.0,,,,
2020-02-25,FI.N,flat_run,LOW,10.0,,,,
2020-02-26,CTRA.N,flat_run,LOW,12.0,,,,
2020-02-26,FI.N,flat_run,LOW,12.0,,,,
2020-02-27,CTRA.N,flat_run,LOW,10.0,,,,
2020-03-04,CTRA.N,flat_run,LOW,14.0,,,,
2020-03-05,FI.N,flat_run,LOW,16.0,,,,
2020-03-06,CTRA.N,flat_run,LOW,14.0,,,,
2020-03-09,AES.N,nan_or_zero_or_negative,HIGH,,,0.0,12.0,0.0
2020-03-09,AFL.N,nan_or_zero_or_negative,HIGH,,,0.0,3.0,0.0
2020-03-09,AIZ.N,nan_or_zero_or_negative,HIGH,,,0.0,11.0,0.0
2020-03-09,AJG.N,nan_or_zero_or_negative,HIGH,,,0.0,11.0,0.0
2020-03-09,ALK.N,nan_or_zero_or_negative,HIGH,,,0.0,3.0,0.0
2020-03-09,ALLE.N,nan_or_zero_or_negative,HIGH,,,0.0,4.0,0.0
2020-03-09,AMCR.N,nan_or_zero_or_negative,HIGH,,,0.0,3.0,0.0
2020-03-09,AME.N,nan_or_zero_or_negative,HIGH,,,0.0,5.0,0.0
2020-03-09,ANET.N,nan_or_zero_or_negative,HIGH,,,0.0,3.0,0.0
2020-03-09,AOS.N,nan_or_zero_or_negative,HIGH,,,0.0,6.0,0.0
2020-03-09,APD.N,nan_or_zero_or_negative,HIGH,,,0.0,4.0,0.0
2020-03-09,ARE.N,nan_or_zero_or_negative,HIGH,,,0.0,3.0,0.0
2020-03-09,AVB.N,nan_or_zero_or_negative,HIGH,,,0.0,5.0,0.0
2020-03-09,AVY.N,nan_or_zero_or_negative,HIGH,,,0.0,5.0,0.0
2020-03-09,BEN.N,nan_or_zero_or_negative,HIGH,,,0.0,3.0,0.0
2020-03-09,BFb.N,nan_or_zero_or_negative,HIGH,,,0.0,6.0,0.0
2020-03-09,BG.N,nan_or_zero_or_negative,HIGH,,,0.0,3.0,0.0
2020-03-09,BIO.N,nan_or_zero_or_negative,HIGH,,,0.0,13.0,0.0
2020-03-09,BR.N,nan_or_zero_or_negative,HIGH,,,0.0,3.0,0.0
2020-03-09,BRO.N,nan_or_zero_or_negative,HIGH,,,0.0,10.0,0.0
2020-03-09,CAG.N,nan_or_zero_or_negative,HIGH,,,0.0,6.0,0.0
2020-03-09,CAH.N,nan_or_zero_or_negative,HIGH,,,0.0,3.0,0.0
2020-03-09,CDAY.N,nan_or_zero_or_negative,HIGH,,,0.0,3.0,0.0
2020-03-09,CI.N,nan_or_zero_or_negative,HIGH,,,0.0,3.0,0.0
2020-03-09,CMG.N,nan_or_zero_or_negative,HIGH,,,0.0,5.0,0.0
2020-03-09,COF.N,nan_or_zero_or_negative,HIGH,,,0.0,4.0,0.0
2020-03-09,COR.N,nan_or_zero_or_negative,HIGH,,,0.0,3.0,0.0
2020-03-09,CRL.N,nan_or_zero_or_negative,HIGH,,,0.0,8.0,0.0
2020-03-09,CTLT.N,nan_or_zero_or_negative,HIGH,,,0.0,19.0,0.0
2020-03-09,CTRA.N,nan_or_zero_or_negative,HIGH,,,0.0,14.0,0.0
2020-03-09,DD.N,nan_or_zero_or_negative,HIGH,,,0.0,13.0,0.0
2020-03-09,DE.N,nan_or_zero_or_negative,HIGH,,,0.0,3.0,0.0
2020-03-09,DFS.N,nan_or_zero_or_negative,HIGH,,,0.0,3.0,0.0
2020-03-09,DHI.N,nan_or_zero_or_negative,HIGH,,,0.0,3.0,0.0
2020-03-09,DLR.N,nan_or_zero_or_negative,HIGH,,,0.0,3.0,0.0
2020-03-09,DPZ.N,nan_or_zero_or_negative,HIGH,,,0.0,3.0,0.0
2020-03-09,DTE.N,nan_or_zero_or_negative,HIGH,,,0.0,5.0,0.0
2020-03-09,ECL.N,nan_or_zero_or_negative,HIGH,,,0.0,4.0,0.0
2020-03-09,EL.N,nan_or_zero_or_negative,HIGH,,,0.0,3.0,0.0
2020-03-09,EPAM.N,nan_or_zero_or_negative,HIGH,,,0.0,12.0,0.0
2020-03-09,EQR.N,nan_or_zero_or_negative,HIGH,,,0.0,5.0,0.0
2020-03-09,EQT.N,nan_or_zero_or_negative,HIGH,,,0.0,3.0,0.0
2020-03-09,ES.N,nan_or_zero_or_negative,HIGH,,,0.0,8.0,0.0
2020-03-09,ESS.N,nan_or_zero_or_negative,HIGH,,,0.0,4.0,0.0
2020-03-09,F.N,nan_or_zero_or_negative,HIGH,,,0.0,1.0,0.0
2020-03-09,FDS.N,nan_or_zero_or_negative,HIGH,,,0.0,3.0,0.0
2020-03-09,FE.N,nan_or_zero_or_negative,HIGH,,,0.0,5.0,0.0
2020-03-09,FI.N,nan_or_zero_or_negative,HIGH,,,0.0,30.0,0.0
2020-03-09,FICO.N,nan_or_zero_or_negative,HIGH,,,0.0,34.0,0.0
2020-03-09,FIS.N,nan_or_zero_or_negative,HIGH,,,0.0,6.0,0.0
2020-03-09,FLT.N,nan_or_zero_or_negative,HIGH,,,0.0,3.0,0.0
2020-03-09,FRT.N,nan_or_zero_or_negative,HIGH,,,0.0,16.0,0.0
2020-03-09,GD.N,nan_or_zero_or_negative,HIGH,,,0.0,6.0,0.0
2020-03-09,GL.N,nan_or_zero_or_negative,HIGH,,,0.0,3.0,0.0
2020-03-09,GPC.N,nan_or_zero_or_negative,HIGH,,,0.0,3.0,0.0
2020-03-09,GWW.N,nan_or_zero_or_negative,HIGH,,,0.0,9.0,0.0
2020-03-09,HAL.N,nan_or_zero_or_negative,HIGH,,,0.0,6.0,0.0
2020-03-09,HII.N,nan_or_zero_or_negative,HIGH,,,0.0,5.0,0.0
2020-03-09,HLT.N,nan_or_zero_or_negative,HIGH,,,0.0,6.0,0.0
2020-03-09,HSY.N,nan_or_zero_or_negative,HIGH,,,0.0,3.0,0.0
2020-03-09,HUBB.N,nan_or_zero_or_negative,HIGH,,,0.0,19.0,0.0
2020-03-09,IEX.N,nan_or_zero_or_negative,HIGH,,,0.0,7.0,0.0
2020-03-09,IP.N,nan_or_zero_or_negative,HIGH,,,0.0,13.0,0.0
2020-03-09,IR.N,nan_or_zero_or_negative,HIGH,,,0.0,9.0,0.0
2020-03-09,IT.N,nan_or_zero_or_negative,HIGH,,,0.0,4.0,0.0
2020-03-09,ITW.N,nan_or_zero_or_negative,HIGH,,,0.0,3.0,0.0
2020-03-09,J.N,nan_or_zero_or_negative,HIGH,,,0.0,6.0,0.0
2020-03-09,JCI.N,nan_or_zero_or_negative,HIGH,,,0.0,3.0,0.0
2020-03-09,JNPR.N,nan_or_zero_or_negative,HIGH,,,0.0,5.0,0.0
2020-03-09,KMI.N,nan_or_zero_or_negative,HIGH,,,0.0,2.0,0.0
2020-03-09,L.N,nan_or_zero_or_negative,HIGH,,,0.0,8.0,0.0
2020-03-09,LHX.N,nan_or_zero_or_negative,HIGH,,,0.0,7.0,0.0
2020-03-09,LOW.N,nan_or_zero_or_negative,HIGH,,,0.0,4.0,0.0
2020-03-09,LVS.N,nan_or_zero_or_negative,HIGH,,,0.0,6.0,0.0
2020-03-09,LYB.N,nan_or_zero_or_negative,HIGH,,,0.0,10.0,0.0
2020-03-09,MAA.N,nan_or_zero_or_negative,HIGH,,,0.0,7.0,0.0
2020-03-09,MCK.N,nan_or_zero_or_negative,HIGH,,,0.0,6.0,0.0
2020-03-09,MHK.N,nan_or_zero_or_negative,HIGH,,,0.0,3.0,0.0
2020-03-09,MLM.N,nan_or_zero_or_negative,HIGH,,,0.0,8.0,0.0
2020-03-09,MOH.N,nan_or_zero_or_negative,HIGH,,,0.0,9.0,0.0
2020-03-09,MTB.N,nan_or_zero_or_negative,HIGH,,,0.0,10.0,0.0
2020-03-09,MTD.N,nan_or_zero_or_negative,HIGH,,,0.0,13.0,0.0
2020-03-09,NEE.N,nan_or_zero_or_negative,HIGH,,,0.0,9.0,0.0
2020-03-09,NEM.N,nan_or_zero_or_negative,HIGH,,,0.0,7.0,0.0
2020-03-09,NOC.N,nan_or_zero_or_negative,HIGH,,,0.0,9.0,0.0
2020-03-09,NOW.N,nan_or_zero_or_negative,HIGH,,,0.0,3.0,0.0
2020-03-09,NRG.N,nan_or_zero_or_negative,HIGH,,,0.0,9.0,0.0
2020-03-09,NUE.N,nan_or_zero_or_negative,HIGH,,,0.0,3.0,0.0
2020-03-09,NVR.N,nan_or_zero_or_negative,HIGH,,,0.0,5.0,0.0
2020-03-09,ORCL.N,nan_or_zero_or_negative,HIGH,,,0.0,3.0,0.0
2020-03-09,PAYC.N,nan_or_zero_or_negative,HIGH,,,0.0,6.0,0.0
2020-03-09,PG.N,nan_or_zero_or_negative,HIGH,,,0.0,4.0,0.0
2020-03-09,PGR.N,nan_or_zero_or_negative,HIGH,,,0.0,8.0,0.0
2020-03-09,PH.N,nan_or_zero_or_negative,HIGH,,,0.0,3.0,0.0
2020-03-09,PHM.N,nan_or_zero_or_negative,HIGH,,,0.0,7.0,0.0
2020-03-09,PNR.N,nan_or_zero_or_negative,HIGH,,,0.0,7.0,0.0
2020-03-09,PNW.N,nan_or_zero_or_negative,HIGH,,,0.0,15.0,0.0
2020-03-09,PPL.N,nan_or_zero_or_negative,HIGH,,,0.0,7.0,0.0
2020-03-09,PSX.N,nan_or_zero_or_negative,HIGH,,,0.0,8.0,0.0
2020-03-09,PWR.N,nan_or_zero_or_negative,HIGH,,,0.0,12.0,0.0
2020-03-09,PXD.N,nan_or_zero_or_negative,HIGH,,,0.0,22.0,0.0
2020-03-09,RJF.N,nan_or_zero_or_negative,HIGH,,,0.0,6.0,0.0
2020-03-09,RMD.N,nan_or_zero_or_negative,HIGH,,,0.0,12.0,0.0
2020-03-09,ROL.N,nan_or_zero_or_negative,HIGH,,,0.0,4.0,0.0
2020-03-09,RSG.N,nan_or_zero_or_negative,HIGH,,,0.0,3.0,0.0
2020-03-09,SHW.N,nan_or_zero_or_negative,HIGH,,,0.0,11.0,0.0
2020-03-09,SJM.N,nan_or_zero_or_negative,HIGH,,,0.0,3.0,0.0
2020-03-09,SLB.N,nan_or_zero_or_negative,HIGH,,,0.0,5.0,0.0
2020-03-09,SNA.N,nan_or_zero_or_negative,HIGH,,,0.0,12.0,0.0
2020-03-09,SRE.N,nan_or_zero_or_negative,HIGH,,,0.0,11.0,0.0
2020-03-09,STE.N,nan_or_zero_or_negative,HIGH,,,0.0,13.0,0.0
2020-03-09,STT.N,nan_or_zero_or_negative,HIGH,,,0.0,9.0,0.0
2020-03-09,STZ.N,nan_or_zero_or_negative,HIGH,,,0.0,7.0,0.0
2020-03-09,SWK.N,nan_or_zero_or_negative,HIGH,,,0.0,3.0,0.0
2020-03-09,SYF.N,nan_or_zero_or_negative,HIGH,,,0.0,3.0,0.0
2020-03-09,SYY.N,nan_or_zero_or_negative,HIGH,,,0.0,3.0,0.0
2020-03-09,TAP.N,nan_or_zero_or_negative,HIGH,,,0.0,7.0,0.0
2020-03-09,TDG.N,nan_or_zero_or_negative,HIGH,,,0.0,8.0,0.0
2020-03-09,TDY.N,nan_or_zero_or_negative,HIGH,,,0.0,23.0,0.0
2020-03-09,TMO.N,nan_or_zero_or_negative,HIGH,,,0.0,3.0,0.0
2020-03-09,TPR.N,nan_or_zero_or_negative,HIGH,,,0.0,6.0,0.0
2020-03-09,TSN.N,nan_or_zero_or_negative,HIGH,,,0.0,4.0,0.0
2020-03-09,TXT.N,nan_or_zero_or_negative,HIGH,,,0.0,4.0,0.0
2020-03-09,TYL.N,nan_or_zero_or_negative,HIGH,,,0.0,11.0,0.0
2020-03-09,UDR.N,nan_or_zero_or_negative,HIGH,,,0.0,17.0,0.0
2020-03-09,UHS.N,nan_or_zero_or_negative,HIGH,,,0.0,3.0,0.0
2020-03-09,UNP.N,nan_or_zero_or_negative,HIGH,,,0.0,12.0,0.0
2020-03-09,V.N,nan_or_zero_or_negative,HIGH,,,0.0,3.0,0.0
2020-03-09,VICI.N,nan_or_zero_or_negative,HIGH,,,0.0,11.0,0.0
2020-03-09,VMC.N,nan_or_zero_or_negative,HIGH,,,0.0,9.0,0.0
2020-03-09,WAT.N,nan_or_zero_or_negative,HIGH,,,0.0,8.0,0.0
2020-03-09,WEC.N,nan_or_zero_or_negative,HIGH,,,0.0,15.0,0.0
2020-03-09,WHR.N,nan_or_zero_or_negative,HIGH,,,0.0,7.0,0.0
2020-03-09,WRB.N,nan_or_zero_or_negative,HIGH,,,0.0,7.0,0.0
2020-03-09,WRK.N,nan_or_zero_or_negative,HIGH,,,0.0,3.0,0.0
2020-03-09,WST.N,nan_or_zero_or_negative,HIGH,,,0.0,3.0,0.0
2020-03-09,WY.N,nan_or_zero_or_negative,HIGH,,,0.0,3.0,0.0
2020-03-09,YUM.N,nan_or_zero_or_negative,HIGH,,,0.0,5.0,0.0
2020-03-09,ZBH.N,nan_or_zero_or_negative,HIGH,,,0.0,6.0,0.0
2020-03-09,CTRA.N,flat_run,MEDIUM,34.0,,,,
2020-03-09,FI.N,flat_run,MEDIUM,30.0,,,,
2020-03-09,FICO.N,flat_run,MEDIUM,34.0,,,,
2020-03-09,PXD.N,flat_run,MEDIUM,22.0,,,,
2020-03-09,TDY.N,flat_run,MEDIUM,23.0,,,,
2020-03-09,AES.N,flat_run,LOW,12.0,,,,
2020-03-09,AIZ.N,flat_run,LOW,11.0,,,,
2020-03-09,AJG.N,flat_run,LOW,11.0,,,,
2020-03-09,APH.N,flat_run,LOW,11.0,,,,
2020-03-09,AZO.N,flat_run,LOW,15.0,,,,
2020-03-09,BIO.N,flat_run,LOW,13.0,,,,
2020-03-09,BRO.N,flat_run,LOW,10.0,,,,
2020-03-09,BXP.N,flat_run,LOW,16.0,,,,
2020-03-09,CHD.N,flat_run,LOW,15.0,,,,
2020-03-09,CMS.N,flat_run,LOW,10.0,,,,
2020-03-09,CNC.N,flat_run,LOW,13.0,,,,
2020-03-09,CTLT.N,flat_run,LOW,19.0,,,,
2020-03-09,CTVA.N,flat_run,LOW,12.0,,,,
2020-03-09,DD.N,flat_run,LOW,13.0,,,,
2020-03-09,DG.N,flat_run,LOW,13.0,,,,
2020-03-09,DHR.N,flat_run,LOW,11.0,,,,
2020-03-09,EPAM.N,flat_run,LOW,12.0,,,,
2020-03-09,ETR.N,flat_run,LOW,14.0,,,,
2020-03-09,FRT.N,flat_run,LOW,16.0,,,,
2020-03-09,FTV.N,flat_run,LOW,14.0,,,,
2020-03-09,HIG.N,flat_run,LOW,10.0,,,,
2020-03-09,HUBB.N,flat_run,LOW,19.0,,,,
2020-03-09,HUM.N,flat_run,LOW,11.0,,,,
2020-03-09,IP.N,flat_run,LOW,13.0,,,,
2020-03-09,IQV.N,flat_run,LOW,12.0,,,,
2020-03-09,IVZ.N,flat_run,LOW,12.0,,,,
2020-03-09,KEYS.N,flat_run,LOW,10.0,,,,
2020-03-09,LLY.N,flat_run,LOW,10.0,,,,
2020-03-09,LMT.N,flat_run,LOW,11.0,,,,
2020-03-09,LYB.N,flat_run,LOW,10.0,,,,
2020-03-09,MAS.N,flat_run,LOW,13.0,,,,
2020-03-09,MTB.N,flat_run,LOW,10.0,,,,
2020-03-09,MTD.N,flat_run,LOW,13.0,,,,
2020-03-09,PNW.N,flat_run,LOW,15.0,,,,
2020-03-09,PWR.N,flat_run,LOW,12.0,,,,
2020-03-09,RMD.N,flat_run,LOW,12.0,,,,
2020-03-09,ROK.N,flat_run,LOW,13.0,,,,
2020-03-09,SHW.N,flat_run,LOW,11.0,,,,
2020-03-09,SNA.N,flat_run,LOW,12.0,,,,
2020-03-09,SRE.N,flat_run,LOW,11.0,,,,
2020-03-09,STE.N,flat_run,LOW,13.0,,,,
2020-03-09,TRGP.N,flat_run,LOW,16.0,,,,
2020-03-09,TYL.N,flat_run,LOW,11.0,,,,
2020-03-09,UDR.N,flat_run,LOW,17.0,,,,
2020-03-09,UNP.N,flat_run,LOW,12.0,,,,
2020-03-09,VICI.N,flat_run,LOW,11.0,,,,
2020-03-09,WEC.N,flat_run,LOW,15.0,,,,
2020-03-09,ACN.N,extreme_jump,MEDIUM,,1.0,,,
2020-03-09,AES.N,extreme_jump,MEDIUM,,1.0,,,
2020-03-09,AFL.N,extreme_jump,MEDIUM,,1.0,,,
2020-03-09,AIZ.N,extreme_jump,MEDIUM,,1.0,,,
2020-03-09,AJG.N,extreme_jump,MEDIUM,,1.0,,,
2020-03-09,ALK.N,extreme_jump,MEDIUM,,1.0,,,
2020-03-09,ALL.N,extreme_jump,MEDIUM,,1.0,,,
2020-03-09,ALLE.N,extreme_jump,MEDIUM,,3.0,,,
2020-03-09,AMCR.N,extreme_jump,MEDIUM,,1.0,,,
2020-03-09,AME.N,extreme_jump,MEDIUM,,1.0,,,
2020-03-09,AMT.N,extreme_jump,MEDIUM,,1.0,,,
2020-03-09,ANET.N,extreme_jump,MEDIUM,,1.0,,,
2020-03-09,AOS.N,extreme_jump,MEDIUM,,1.0,,,
2020-03-09,APD.N,extreme_jump,MEDIUM,,1.0,,,
2020-03-09,APTV.N,extreme_jump,MEDIUM,,1.0,,,
2020-03-09,ARE.N,extreme_jump,MEDIUM,,1.0,,,
2020-03-09,ATO.N,extreme_jump,MEDIUM,,1.0,,,
2020-03-09,AVB.N,extreme_jump,MEDIUM,,1.0,,,
2020-03-09,AVY.N,extreme_jump,MEDIUM,,1.0,,,
2020-03-09,AZO.N,extreme_jump,MEDIUM,,1.0,,,
2020-03-09,BAX.N,extreme_jump,MEDIUM,,1.0,,,
2020-03-09,BEN.N,extreme_jump,MEDIUM,,1.0,,,
2020-03-09,BFb.N,extreme_jump,MEDIUM,,1.0,,,
2020-03-09,BG.N,extreme_jump,MEDIUM,,1.0,,,
2020-03-09,BIO.N,extreme_jump,MEDIUM,,1.0,,,
2020-03-09,BLK.N,extreme_jump,MEDIUM,,1.0,,,
2020-03-09,BR.N,extreme_jump,MEDIUM,,1.0,,,
2020-03-09,BRO.N,extreme_jump,MEDIUM,,1.0,,,
2020-03-09,CAG.N,extreme_jump,MEDIUM,,1.0,,,
2020-03-09,CAH.N,extreme_jump,MEDIUM,,1.0,,,
2020-03-09,CDAY.N,extreme_jump,MEDIUM,,1.0,,,
2020-03-09,CE.N,extreme_jump,MEDIUM,,1.0,,,
2020-03-09,CFG.N,extreme_jump,MEDIUM,,2.0,,,
2020-03-09,CI.N,extreme_jump,MEDIUM,,1.0,,,
2020-03-09,CL.N,extreme_jump,MEDIUM,,1.0,,,
2020-03-09,CMG.N,extreme_jump,MEDIUM,,1.0,,,
2020-03-09,CNP.N,extreme_jump,MEDIUM,,2.0,,,
2020-03-09,COF.N,extreme_jump,MEDIUM,,1.0,,,
2020-03-09,COR.N,extreme_jump,MEDIUM,,1.0,,,
2020-03-09,CRL.N,extreme_jump,MEDIUM,,1.0,,,
2020-03-09,CTLT.N,extreme_jump,MEDIUM,,1.0,,,
2020-03-09,CTRA.N,extreme_jump,MEDIUM,,1.0,,,
2020-03-09,DD.N,extreme_jump,MEDIUM,,1.0,,,
2020-03-09,DE.N,extreme_jump,MEDIUM,,1.0,,,
2020-03-09,DFS.N,extreme_jump,MEDIUM,,1.0,,,
2020-03-09,DGX.N,extreme_jump,MEDIUM,,1.0,,,
2020-03-09,DHI.N,extreme_jump,MEDIUM,,1.0,,,
2020-03-09,DLR.N,extreme_jump,MEDIUM,,1.0,,,
2020-03-09,DOV.N,extreme_jump,MEDIUM,,1.0,,,
2020-03-09,DPZ.N,extreme_jump,MEDIUM,,1.0,,,
2020-03-09,DTE.N,extreme_jump,MEDIUM,,1.0,,,
2020-03-09,ECL.N,extreme_jump,MEDIUM,,1.0,,,
2020-03-09,ED.N,extreme_jump,MEDIUM,,1.0,,,
2020-03-09,EFX.N,extreme_jump,MEDIUM,,1.0,,,
2020-03-09,EIX.N,extreme_jump,MEDIUM,,1.0,,,
2020-03-09,EL.N,extreme_jump,MEDIUM,,1.0,,,
2020-03-09,EPAM.N,extreme_jump,MEDIUM,,1.0,,,
2020-03-09,EQR.N,extreme_jump,MEDIUM,,1.0,,,
2020-03-09,EQT.N,extreme_jump,MEDIUM,,2.0,,,
2020-03-09,ES.N,extreme_jump,MEDIUM,,1.0,,,
2020-03-09,ESS.N,extreme_jump,MEDIUM,,1.0,,,
2020-03-09,ETR.N,extreme_jump,MEDIUM,,1.0,,,
2020-03-09,EXR.N,extreme_jump,MEDIUM,,1.0,,,
2020-03-09,F.N,extreme_jump,MEDIUM,,1.0,,,
2020-03-09,FDS.N,extreme_jump,MEDIUM,,1.0,,,
2020-03-09,FE.N,extreme_jump,MEDIUM,,1.0,,,
2020-03-09,FI.N,extreme_jump,MEDIUM,,1.0,,,
2020-03-09,FICO.N,extreme_jump,MEDIUM,,1.0,,,
2020-03-09,FIS.N,extreme_jump,MEDIUM,,1.0,,,
2020-03-09,FLT.N,extreme_jump,MEDIUM,,1.0,,,
2020-03-09,FMC.N,extreme_jump,MEDIUM,,1.0,,,
2020-03-09,FRT.N,extreme_jump,MEDIUM,,1.0,,,
2020-03-09,GD.N,extreme_jump,MEDIUM,,1.0,,,
2020-03-09,GL.N,extreme_jump,MEDIUM,,1.0,,,
2020-03-09,GPC.N,extreme_jump,MEDIUM,,1.0,,,
2020-03-09,GWW.N,extreme_jump,MEDIUM,,1.0,,,
2020-03-09,HAL.N,extreme_jump,MEDIUM,,1.0,,,
2020-03-09,HIG.N,extreme_jump,MEDIUM,,1.0,,,
2020-03-09,HII.N,extreme_jump,MEDIUM,,1.0,,,
2020-03-09,HLT.N,extreme_jump,MEDIUM,,1.0,,,
2020-03-09,HRL.N,extreme_jump,MEDIUM,,1.0,,,
2020-03-09,HSY.N,extreme_jump,MEDIUM,,1.0,,,
2020-03-09,HUBB.N,extreme_jump,MEDIUM,,1.0,,,
2020-03-09,IEX.N,extreme_jump,MEDIUM,,1.0,,,
2020-03-09,IFF.N,extreme_jump,MEDIUM,,1.0,,,
2020-03-09,IP.N,extreme_jump,MEDIUM,,1.0,,,
2020-03-09,IR.N,extreme_jump,MEDIUM,,1.0,,,
2020-03-09,IT.N,extreme_jump,MEDIUM,,1.0,,,
2020-03-09,ITW.N,extreme_jump,MEDIUM,,1.0,,,
2020-03-09,J.N,extreme_jump,MEDIUM,,1.0,,,
2020-03-09,JCI.N,extreme_jump,MEDIUM,,1.0,,,
2020-03-09,JNPR.N,extreme_jump,MEDIUM,,1.0,,,
2020-03-09,K.N,extreme_jump,MEDIUM,,1.0,,,
2020-03-09,KEYS.N,extreme_jump,MEDIUM,,1.0,,,
2020-03-09,KMI.N,extreme_jump,MEDIUM,,1.0,,,
2020-03-09,KMX.N,extreme_jump,MEDIUM,,1.0,,,
2020-03-09,L.N,extreme_jump,MEDIUM,,1.0,,,
2020-03-09,LDOS.N,extreme_jump,MEDIUM,,1.0,,,
2020-03-09,LH.N,extreme_jump,MEDIUM,,1.0,,,
2020-03-09,LHX.N,extreme_jump,MEDIUM,,1.0,,,
2020-03-09,LMT.N,extreme_jump,MEDIUM,,1.0,,,
2020-03-09,LOW.N,extreme_jump,MEDIUM,,1.0,,,
2020-03-09,LVS.N,extreme_jump,MEDIUM,,1.0,,,
2020-03-09,LYB.N,extreme_jump,MEDIUM,,1.0,,,
2020-03-09,MAA.N,extreme_jump,MEDIUM,,1.0,,,
2020-03-09,MCK.N,extreme_jump,MEDIUM,,1.0,,,
2020-03-09,MHK.N,extreme_jump,MEDIUM,,1.0,,,
2020-03-09,MKC.N,extreme_jump,MEDIUM,,1.0,,,
2020-03-09,MLM.N,extreme_jump,MEDIUM,,1.0,,,
2020-03-09,MOH.N,extreme_jump,MEDIUM,,1.0,,,
2020-03-09,MPC.N,extreme_jump,MEDIUM,,2.0,,,
2020-03-09,MRO.N,extreme_jump,MEDIUM,,3.0,,,
2020-03-09,MTB.N,extreme_jump,MEDIUM,,1.0,,,
2020-03-09,MTD.N,extreme_jump,MEDIUM,,1.0,,,
2020-03-09,NEE.N,extreme_jump,MEDIUM,,1.0,,,
2020-03-09,NEM.N,extreme_jump,MEDIUM,,1.0,,,
2020-03-09,NOC.N,extreme_jump,MEDIUM,,1.0,,,
2020-03-09,NOW.N,extreme_jump,MEDIUM,,1.0,,,
2020-03-09,NRG.N,extreme_jump,MEDIUM,,1.0,,,
2020-03-09,NSC.N,extreme_jump,MEDIUM,,1.0,,,
2020-03-09,NUE.N,extreme_jump,MEDIUM,,1.0,,,
2020-03-09,NVR.N,extreme_jump,MEDIUM,,1.0,,,
2020-03-09,OMC.N,extreme_jump,MEDIUM,,1.0,,,
2020-03-09,ORCL.N,extreme_jump,MEDIUM,,1.0,,,
2020-03-09,OXY.N,extreme_jump,MEDIUM,,2.0,,,
2020-03-09,PAYC.N,extreme_jump,MEDIUM,,1.0,,,
2020-03-09,PCG.N,extreme_jump,MEDIUM,,1.0,,,
2020-03-09,PG.N,extreme_jump,MEDIUM,,1.0,,,
2020-03-09,PGR.N,extreme_jump,MEDIUM,,1.0,,,
2020-03-09,PH.N,extreme_jump,MEDIUM,,1.0,,,
2020-03-09,PHM.N,extreme_jump,MEDIUM,,1.0,,,
2020-03-09,PLD.N,extreme_jump,MEDIUM,,1.0,,,
2020-03-09,PNR.N,extreme_jump,MEDIUM,,1.0,,,
2020-03-09,PNW.N,extreme_jump,MEDIUM,,1.0,,,
2020-03-09,PPG.N,extreme_jump,MEDIUM,,1.0,,,
2020-03-09,PPL.N,extreme_jump,MEDIUM,,1.0,,,
2020-03-09,PSX.N,extreme_jump,MEDIUM,,1.0,,,
2020-03-09,PWR.N,extreme_jump,MEDIUM,,1.0,,,
2020-03-09,PXD.N,extreme_jump,MEDIUM,,1.0,,,
2020-03-09,RJF.N,extreme_jump,MEDIUM,,1.0,,,
2020-03-09,RL.N,extreme_jump,MEDIUM,,1.0,,,
2020-03-09,RMD.N,extreme_jump,MEDIUM,,1.0,,,
2020-03-09,ROL.N,extreme_jump,MEDIUM,,1.0,,,
2020-03-09,RSG.N,extreme_jump,MEDIUM,,1.0,,,
2020-03-09,SHW.N,extreme_jump,MEDIUM,,1.0,,,
2020-03-09,SJM.N,extreme_jump,MEDIUM,,1.0,,,
2020-03-09,SLB.N,extreme_jump,MEDIUM,,2.0,,,
2020-03-09,SNA.N,extreme_jump,MEDIUM,,1.0,,,
2020-03-09,SPGI.N,extreme_jump,MEDIUM,,1.0,,,
2020-03-09,SRE.N,extreme_jump,MEDIUM,,1.0,,,
2020-03-09,STE.N,extreme_jump,MEDIUM,,1.0,,,
2020-03-09,STT.N,extreme_jump,MEDIUM,,1.0,,,
2020-03-09,STZ.N,extreme_jump,MEDIUM,,1.0,,,
2020-03-09,SWK.N,extreme_jump,MEDIUM,,1.0,,,
2020-03-09,SYF.N,extreme_jump,MEDIUM,,1.0,,,
2020-03-09,SYY.N,extreme_jump,MEDIUM,,1.0,,,
2020-03-09,TAP.N,extreme_jump,MEDIUM,,1.0,,,
2020-03-09,TDG.N,extreme_jump,MEDIUM,,1.0,,,
2020-03-09,TDY.N,extreme_jump,MEDIUM,,1.0,,,
2020-03-09,TEL.N,extreme_jump,MEDIUM,,1.0,,,
2020-03-09,TFX.N,extreme_jump,MEDIUM,,1.0,,,
2020-03-09,TMO.N,extreme_jump,MEDIUM,,1.0,,,
2020-03-09,TPR.N,extreme_jump,MEDIUM,,1.0,,,
2020-03-09,TRV.N,extreme_jump,MEDIUM,,1.0,,,
2020-03-09,TSN.N,extreme_jump,MEDIUM,,1.0,,,
2020-03-09,TT.N,extreme_jump,MEDIUM,,1.0,,,
2020-03-09,TXT.N,extreme_jump,MEDIUM,,1.0,,,
2020-03-09,TYL.N,extreme_jump,MEDIUM,,1.0,,,
2020-03-09,UDR.N,extreme_jump,MEDIUM,,1.0,,,
2020-03-09,UHS.N,extreme_jump,MEDIUM,,1.0,,,
2020-03-09,UNP.N,extreme_jump,MEDIUM,,1.0,,,
2020-03-09,V.N,extreme_jump,MEDIUM,,1.0,,,
2020-03-09,VFC.N,extreme_jump,MEDIUM,,1.0,,,
2020-03-09,VICI.N,extreme_jump,MEDIUM,,1.0,,,
2020-03-09,VMC.N,extreme_jump,MEDIUM,,1.0,,,
2020-03-09,VTR.N,extreme_jump,MEDIUM,,1.0,,,
2020-03-09,WAB.N,extreme_jump,MEDIUM,,1.0,,,
2020-03-09,WAT.N,extreme_jump,MEDIUM,,1.0,,,
2020-03-09,WEC.N,extreme_jump,MEDIUM,,1.0,,,
2020-03-09,WHR.N,extreme_jump,MEDIUM,,1.0,,,
2020-03-09,WRB.N,extreme_jump,MEDIUM,,1.0,,,
2020-03-09,WRK.N,extreme_jump,MEDIUM,,1.0,,,
2020-03-09,WST.N,extreme_jump,MEDIUM,,1.0,,,
2020-03-09,WY.N,extreme_jump,MEDIUM,,1.0,,,
2020-03-09,XYL.N,extreme_jump,MEDIUM,,1.0,,,
2020-03-09,YUM.N,extreme_jump,MEDIUM,,1.0,,,
2020-03-09,ZBH.N,extreme_jump,MEDIUM,,1.0,,,
2020-03-10,CTRA.N,flat_run,MEDIUM,26.0,,,,
2020-03-10,OXY.N,flat_run,MEDIUM,33.0,,,,
2020-03-11,CTRA.N,flat_run,LOW,15.0,,,,
2020-03-11,FI.N,flat_run,LOW,10.0,,,,
2020-03-12,A.N,nan_or_zero_or_negative,HIGH,,,0.0,5.0,0.0
2020-03-12,AJG.N,nan_or_zero_or_negative,HIGH,,,0.0,10.0,0.0
2020-03-12,ALB.N,nan_or_zero_or_negative,HIGH,,,0.0,6.0,0.0
2020-03-12,AMP.N,nan_or_zero_or_negative,HIGH,,,0.0,12.0,0.0
2020-03-12,AMT.N,nan_or_zero_or_negative,HIGH,,,0.0,6.0,0.0
2020-03-12,AON.N,nan_or_zero_or_negative,HIGH,,,0.0,12.0,0.0
2020-03-12,APD.N,nan_or_zero_or_negative,HIGH,,,0.0,21.0,0.0
2020-03-12,ATO.N,nan_or_zero_or_negative,HIGH,,,0.0,16.0,0.0
2020-03-12,BIO.N,nan_or_zero_or_negative,HIGH,,,0.0,12.0,0.0
2020-03-12,BRKb.N,nan_or_zero_or_negative,HIGH,,,0.0,14.0,0.0
2020-03-12,BWA.N,nan_or_zero_or_negative,HIGH,,,0.0,6.0,0.0
2020-03-12,C.N,nan_or_zero_or_negative,HIGH,,,0.0,4.0,0.0
2020-03-12,CDAY.N,nan_or_zero_or_negative,HIGH,,,0.0,6.0,0.0
2020-03-12,CE.N,nan_or_zero_or_negative,HIGH,,,0.0,7.0,0.0
2020-03-12,CMA.N,nan_or_zero_or_negative,HIGH,,,0.0,5.0,0.0
2020-03-12,CMI.N,nan_or_zero_or_negative,HIGH,,,0.0,16.0,0.0
2020-03-12,CMS.N,nan_or_zero_or_negative,HIGH,,,0.0,7.0,0.0
2020-03-12,CNC.N,nan_or_zero_or_negative,HIGH,,,0.0,11.0,0.0
2020-03-12,CTLT.N,nan_or_zero_or_negative,HIGH,,,0.0,20.0,0.0
2020-03-12,CTRA.N,nan_or_zero_or_negative,HIGH,,,0.0,19.0,0.0
2020-03-12,CTVA.N,nan_or_zero_or_negative,HIGH,,,0.0,17.0,0.0
2020-03-12,CVX.N,nan_or_zero_or_negative,HIGH,,,0.0,13.0,0.0
2020-03-12,DD.N,nan_or_zero_or_negative,HIGH,,,0.0,17.0,0.0
2020-03-12,DG.N,nan_or_zero_or_negative,HIGH,,,0.0,12.0,0.0
2020-03-12,DGX.N,nan_or_zero_or_negative,HIGH,,,0.0,11.0,0.0
2020-03-12,DIS.N,nan_or_zero_or_negative,HIGH,,,0.0,5.0,0.0
2020-03-12,DRI.N,nan_or_zero_or_negative,HIGH,,,0.0,8.0,0.0
2020-03-12,DTE.N,nan_or_zero_or_negative,HIGH,,,0.0,7.0,0.0
2020-03-12,ECL.N,nan_or_zero_or_negative,HIGH,,,0.0,7.0,0.0
2020-03-12,ED.N,nan_or_zero_or_negative,HIGH,,,0.0,7.0,0.0
2020-03-12,EMN.N,nan_or_zero_or_negative,HIGH,,,0.0,9.0,0.0
2020-03-12,EPAM.N,nan_or_zero_or_negative,HIGH,,,0.0,5.0,0.0
2020-03-12,ESS.N,nan_or_zero_or_negative,HIGH,,,0.0,5.0,0.0
2020-03-12,FICO.N,nan_or_zero_or_negative,HIGH,,,0.0,22.0,0.0
2020-03-12,FIS.N,nan_or_zero_or_negative,HIGH,,,0.0,7.0,0.0
2020-03-12,FTV.N,nan_or_zero_or_negative,HIGH,,,0.0,14.0,0.0
2020-03-12,GWW.N,nan_or_zero_or_negative,HIGH,,,0.0,15.0,0.0
2020-03-12,HD.N,nan_or_zero_or_negative,HIGH,,,0.0,6.0,0.0
2020-03-12,HIG.N,nan_or_zero_or_negative,HIGH,,,0.0,8.0,0.0
2020-03-12,HII.N,nan_or_zero_or_negative,HIGH,,,0.0,19.0,0.0
2020-03-12,HPE.N,nan_or_zero_or_negative,HIGH,,,0.0,15.0,0.0
2020-03-12,HPQ.N,nan_or_zero_or_negative,HIGH,,,0.0,8.0,0.0
2020-03-12,HUBB.N,nan_or_zero_or_negative,HIGH,,,0.0,13.0,0.0
2020-03-12,HUM.N,nan_or_zero_or_negative,HIGH,,,0.0,17.0,0.0
2020-03-12,IEX.N,nan_or_zero_or_negative,HIGH,,,0.0,8.0,0.0
2020-03-12,IP.N,nan_or_zero_or_negative,HIGH,,,0.0,16.0,0.0
2020-03-12,IQV.N,nan_or_zero_or_negative,HIGH,,,0.0,18.0,0.0
2020-03-12,IRM.N,nan_or_zero_or_negative,HIGH,,,0.0,9.0,0.0
2020-03-12,IT.N,nan_or_zero_or_negative,HIGH,,,0.0,9.0,0.0
2020-03-12,J.N,nan_or_zero_or_negative,HIGH,,,0.0,12.0,0.0
2020-03-12,KIM.N,nan_or_zero_or_negative,HIGH,,,0.0,7.0,0.0
2020-03-12,KMB.N,nan_or_zero_or_negative,HIGH,,,0.0,10.0,0.0
2020-03-12,KMX.N,nan_or_zero_or_negative,HIGH,,,0.0,12.0,0.0
2020-03-12,L.N,nan_or_zero_or_negative,HIGH,,,0.0,4.0,0.0
2020-03-12,LDOS.N,nan_or_zero_or_negative,HIGH,,,0.0,16.0,0.0
2020-03-12,LIN.N,nan_or_zero_or_negative,HIGH,,,0.0,6.0,0.0
2020-03-12,LMT.N,nan_or_zero_or_negative,HIGH,,,0.0,5.0,0.0
2020-03-12,LYB.N,nan_or_zero_or_negative,HIGH,,,0.0,15.0,0.0
2020-03-12,MCK.N,nan_or_zero_or_negative,HIGH,,,0.0,11.0,0.0
2020-03-12,MCO.N,nan_or_zero_or_negative,HIGH,,,0.0,8.0,0.0
2020-03-12,MLM.N,nan_or_zero_or_negative,HIGH,,,0.0,9.0,0.0
2020-03-12,MO.N,nan_or_zero_or_negative,HIGH,,,0.0,13.0,0.0
2020-03-12,MRO.N,nan_or_zero_or_negative,HIGH,,,0.0,7.0,0.0
2020-03-12,MS.N,nan_or_zero_or_negative,HIGH,,,0.0,17.0,0.0
2020-03-12,MSCI.N,nan_or_zero_or_negative,HIGH,,,0.0,17.0,0.0
2020-03-12,MSI.N,nan_or_zero_or_negative,HIGH,,,0.0,7.0,0.0
2020-03-12,MTB.N,nan_or_zero_or_negative,HIGH,,,0.0,11.0,0.0
2020-03-12,NSC.N,nan_or_zero_or_negative,HIGH,,,0.0,9.0,0.0
2020-03-12,NUE.N,nan_or_zero_or_negative,HIGH,,,0.0,4.0,0.0
2020-03-12,NVR.N,nan_or_zero_or_negative,HIGH,,,0.0,8.0,0.0
2020-03-12,O.N,nan_or_zero_or_negative,HIGH,,,0.0,17.0,0.0
2020-03-12,PAYC.N,nan_or_zero_or_negative,HIGH,,,0.0,16.0,0.0
2020-03-12,PEAK.N,nan_or_zero_or_negative,HIGH,,,0.0,4.0,0.0
2020-03-12,PG.N,nan_or_zero_or_negative,HIGH,,,0.0,9.0,0.0
2020-03-12,PKG.N,nan_or_zero_or_negative,HIGH,,,0.0,7.0,0.0
2020-03-12,PLD.N,nan_or_zero_or_negative,HIGH,,,0.0,5.0,0.0
2020-03-12,PM.N,nan_or_zero_or_negative,HIGH,,,0.0,4.0,0.0
2020-03-12,PNR.N,nan_or_zero_or_negative,HIGH,,,0.0,15.0,0.0
2020-03-12,PNW.N,nan_or_zero_or_negative,HIGH,,,0.0,12.0,0.0
2020-03-12,PPG.N,nan_or_zero_or_negative,HIGH,,,0.0,10.0,0.0
2020-03-12,PSX.N,nan_or_zero_or_negative,HIGH,,,0.0,7.0,0.0
2020-03-12,RHI.N,nan_or_zero_or_negative,HIGH,,,0.0,11.0,0.0
2020-03-12,RJF.N,nan_or_zero_or_negative,HIGH,,,0.0,9.0,0.0
2020-03-12,RL.N,nan_or_zero_or_negative,HIGH,,,0.0,12.0,0.0
2020-03-12,RMD.N,nan_or_zero_or_negative,HIGH,,,0.0,13.0,0.0
2020-03-12,ROK.N,nan_or_zero_or_negative,HIGH,,,0.0,13.0,0.0
2020-03-12,SNA.N,nan_or_zero_or_negative,HIGH,,,0.0,10.0,0.0
2020-03-12,SPG.N,nan_or_zero_or_negative,HIGH,,,0.0,10.0,0.0
2020-03-12,STT.N,nan_or_zero_or_negative,HIGH,,,0.0,11.0,0.0
2020-03-12,TDY.N,nan_or_zero_or_negative,HIGH,,,0.0,9.0,0.0
2020-03-12,TEL.N,nan_or_zero_or_negative,HIGH,,,0.0,5.0,0.0
2020-03-12,TFX.N,nan_or_zero_or_negative,HIGH,,,0.0,8.0,0.0
2020-03-12,TPR.N,nan_or_zero_or_negative,HIGH,,,0.0,13.0,0.0
2020-03-12,TT.N,nan_or_zero_or_negative,HIGH,,,0.0,7.0,0.0
2020-03-12,TXT.N,nan_or_zero_or_negative,HIGH,,,0.0,12.0,0.0
2020-03-12,UPS.N,nan_or_zero_or_negative,HIGH,,,0.0,13.0,0.0
2020-03-12,VMC.N,nan_or_zero_or_negative,HIGH,,,0.0,9.0,0.0
2020-03-12,VTR.N,nan_or_zero_or_negative,HIGH,,,0.0,3.0,0.0
2020-03-12,WAB.N,nan_or_zero_or_negative,HIGH,,,0.0,5.0,0.0
2020-03-12,WAT.N,nan_or_zero_or_negative,HIGH,,,0.0,10.0,0.0
2020-03-12,WEC.N,nan_or_zero_or_negative,HIGH,,,0.0,4.0,0.0
2020-03-12,WELL.N,nan_or_zero_or_negative,HIGH,,,0.0,9.0,0.0
2020-03-12,WRB.N,nan_or_zero_or_negative,HIGH,,,0.0,13.0,0.0
2020-03-12,WST.N,nan_or_zero_or_negative,HIGH,,,0.0,16.0,0.0
2020-03-12,WY.N,nan_or_zero_or_negative,HIGH,,,0.0,9.0,0.0
2020-03-12,XYL.N,nan_or_zero_or_negative,HIGH,,,0.0,10.0,0.0
2020-03-12,YUM.N,nan_or_zero_or_negative,HIGH,,,0.0,6.0,0.0
2020-03-12,ZTS.N,nan_or_zero_or_negative,HIGH,,,0.0,10.0,0.0
2020-03-12,APD.N,flat_run,MEDIUM,21.0,,,,
2020-03-12,CTLT.N,flat_run,MEDIUM,20.0,,,,
2020-03-12,FI.N,flat_run,MEDIUM,25.0,,,,
2020-03-12,FICO.N,flat_run,MEDIUM,22.0,,,,
2020-03-12,INVH.N,flat_run,MEDIUM,24.0,,,,
2020-03-12,ABBV.N,flat_run,LOW,10.0,,,,
2020-03-12,AJG.N,flat_run,LOW,10.0,,,,
2020-03-12,ALB.N,flat_run,LOW,11.0,,,,
2020-03-12,ALLE.N,flat_run,LOW,10.0,,,,
2020-03-12,AMP.N,flat_run,LOW,12.0,,,,
2020-03-12,AON.N,flat_run,LOW,12.0,,,,
2020-03-12,ATO.N,flat_run,LOW,16.0,,,,
2020-03-12,AVB.N,flat_run,LOW,10.0,,,,
2020-03-12,BFb.N,flat_run,LOW,10.0,,,,
2020-03-12,BIO.N,flat_run,LOW,12.0,,,,
2020-03-12,BLK.N,flat_run,LOW,12.0,,,,
2020-03-12,BRKb.N,flat_run,LOW,14.0,,,,
2020-03-12,BXP.N,flat_run,LOW,16.0,,,,
2020-03-12,CMG.N,flat_run,LOW,15.0,,,,
2020-03-12,CMI.N,flat_run,LOW,16.0,,,,
2020-03-12,CNC.N,flat_run,LOW,11.0,,,,
2020-03-12,CTRA.N,flat_run,LOW,19.0,,,,
2020-03-12,CTVA.N,flat_run,LOW,17.0,,,,
2020-03-12,CVX.N,flat_run,LOW,13.0,,,,
2020-03-12,D.N,flat_run,LOW,10.0,,,,
2020-03-12,DD.N,flat_run,LOW,17.0,,,,
2020-03-12,DG.N,flat_run,LOW,12.0,,,,
2020-03-12,DGX.N,flat_run,LOW,11.0,,,,
2020-03-12,DHR.N,flat_run,LOW,10.0,,,,
2020-03-12,DVN.N,flat_run,LOW,10.0,,,,
2020-03-12,EXR.N,flat_run,LOW,10.0,,,,
2020-03-12,FE.N,flat_run,LOW,11.0,,,,
2020-03-12,FMC.N,flat_run,LOW,10.0,,,,
2020-03-12,FTV.N,flat_run,LOW,14.0,,,,
2020-03-12,GWW.N,flat_run,LOW,15.0,,,,
2020-03-12,HII.N,flat_run,LOW,19.0,,,,
2020-03-12,HLT.N,flat_run,LOW,14.0,,,,
2020-03-12,HPE.N,flat_run,LOW,15.0,,,,
2020-03-12,HUBB.N,flat_run,LOW,13.0,,,,
2020-03-12,HUM.N,flat_run,LOW,17.0,,,,
2020-03-12,IP.N,flat_run,LOW,16.0,,,,
2020-03-12,IQV.N,flat_run,LOW,18.0,,,,
2020-03-12,IR.N,flat_run,LOW,14.0,,,,
2020-03-12,J.N,flat_run,LOW,12.0,,,,
2020-03-12,KMB.N,flat_run,LOW,10.0,,,,
2020-03-12,KMX.N,flat_run,LOW,12.0,,,,
2020-03-12,LDOS.N,flat_run,LOW,16.0,,,,
2020-03-12,LYB.N,flat_run,LOW,15.0,,,,
2020-03-12,MAA.N,flat_run,LOW,11.0,,,,
2020-03-12,MCK.N,flat_run,LOW,11.0,,,,
2020-03-12,MGM.N,flat_run,LOW,10.0,,,,
2020-03-12,MMC.N,flat_run,LOW,13.0,,,,
2020-03-12,MMM.N,flat_run,LOW,15.0,,,,
2020-03-12,MO.N,flat_run,LOW,13.0,,,,
2020-03-12,MOH.N,flat_run,LOW,12.0,,,,
2020-03-12,MS.N,flat_run,LOW,17.0,,,,
2020-03-12,MSCI.N,flat_run,LOW,17.0,,,,
2020-03-12,MTB.N,flat_run,LOW,11.0,,,,
2020-03-12,NI.N,flat_run,LOW,12.0,,,,
2020-03-12,NVR.N,flat_run,LOW,19.0,,,,
2020-03-12,O.N,flat_run,LOW,17.0,,,,
2020-03-12,PAYC.N,flat_run,LOW,16.0,,,,
2020-03-12,PEAK.N,flat_run,LOW,13.0,,,,
2020-03-12,PEG.N,flat_run,LOW,10.0,,,,
2020-03-12,PHM.N,flat_run,LOW,12.0,,,,
2020-03-12,PNR.N,flat_run,LOW,15.0,,,,
2020-03-12,PNW.N,flat_run,LOW,12.0,,,,
2020-03-12,PPG.N,flat_run,LOW,10.0,,,,
2020-03-12,RHI.N,flat_run,LOW,11.0,,,,
2020-03-12,RL.N,flat_run,LOW,12.0,,,,
2020-03-12,RMD.N,flat_run,LOW,13.0,,,,
2020-03-12,ROK.N,flat_run,LOW,13.0,,,,
2020-03-12,ROL.N,flat_run,LOW,10.0,,,,
2020-03-12,SHW.N,flat_run,LOW,11.0,,,,
2020-03-12,SNA.N,flat_run,LOW,10.0,,,,
2020-03-12,SPG.N,flat_run,LOW,10.0,,,,
2020-03-12,SRE.N,flat_run,LOW,10.0,,,,
2020-03-12,STE.N,flat_run,LOW,10.0,,,,
2020-03-12,STT.N,flat_run,LOW,11.0,,,,
2020-03-12,SYK.N,flat_run,LOW,11.0,,,,
2020-03-12,SYY.N,flat_run,LOW,10.0,,,,
2020-03-12,TAP.N,flat_run,LOW,12.0,,,,
2020-03-12,TPR.N,flat_run,LOW,13.0,,,,
2020-03-12,TXT.N,flat_run,LOW,12.0,,,,
2020-03-12,UPS.N,flat_run,LOW,13.0,,,,
2020-03-12,WAT.N,flat_run,LOW,10.0,,,,
2020-03-12,WHR.N,flat_run,LOW,12.0,,,,
2020-03-12,WRB.N,flat_run,LOW,13.0,,,,
2020-03-12,WST.N,flat_run,LOW,16.0,,,,
2020-03-12,XYL.N,flat_run,LOW,10.0,,,,
2020-03-12,ZBH.N,flat_run,LOW,16.0,,,,
2020-03-12,ZTS.N,flat_run,LOW,10.0,,,,
2020-03-12,A.N,extreme_jump,MEDIUM,,1.0,,,
2020-03-12,AIZ.N,extreme_jump,MEDIUM,,1.0,,,
2020-03-12,AJG.N,extreme_jump,MEDIUM,,1.0,,,
2020-03-12,ALB.N,extreme_jump,MEDIUM,,1.0,,,
2020-03-12,AMP.N,extreme_jump,MEDIUM,,1.0,,,
2020-03-12,AMT.N,extreme_jump,MEDIUM,,1.0,,,
2020-03-12,AON.N,extreme_jump,MEDIUM,,1.0,,,
2020-03-12,APD.N,extreme_jump,MEDIUM,,1.0,,,
2020-03-12,APTV.N,extreme_jump,MEDIUM,,1.0,,,
2020-03-12,ARE.N,extreme_jump,MEDIUM,,1.0,,,
2020-03-12,ATO.N,extreme_jump,MEDIUM,,1.0,,,
2020-03-12,AZO.N,extreme_jump,MEDIUM,,1.0,,,
2020-03-12,BAX.N,extreme_jump,MEDIUM,,1.0,,,
2020-03-12,BIO.N,extreme_jump,MEDIUM,,1.0,,,
2020-03-12,BLK.N,extreme_jump,MEDIUM,,1.0,,,
2020-03-12,BR.N,extreme_jump,MEDIUM,,1.0,,,
2020-03-12,BRKb.N,extreme_jump,MEDIUM,,1.0,,,
2020-03-12,BWA.N,extreme_jump,MEDIUM,,1.0,,,
2020-03-12,C.N,extreme_jump,MEDIUM,,1.0,,,
2020-03-12,CBOE.Z,extreme_jump,MEDIUM,,2.0,,,
2020-03-12,CCL.N,extreme_jump,MEDIUM,,1.0,,,
2020-03-12,CDAY.N,extreme_jump,MEDIUM,,1.0,,,
2020-03-12,CE.N,extreme_jump,MEDIUM,,1.0,,,
2020-03-12,CF.N,extreme_jump,MEDIUM,,1.0,,,
2020-03-12,CMA.N,extreme_jump,MEDIUM,,1.0,,,
2020-03-12,CMI.N,extreme_jump,MEDIUM,,1.0,,,
2020-03-12,CMS.N,extreme_jump,MEDIUM,,1.0,,,
2020-03-12,CNC.N,extreme_jump,MEDIUM,,1.0,,,
2020-03-12,COR.N,extreme_jump,MEDIUM,,1.0,,,
2020-03-12,CTLT.N,extreme_jump,MEDIUM,,1.0,,,
2020-03-12,CTRA.N,extreme_jump,MEDIUM,,1.0,,,
2020-03-12,CTVA.N,extreme_jump,MEDIUM,,1.0,,,
2020-03-12,CVX.N,extreme_jump,MEDIUM,,1.0,,,
2020-03-12,DD.N,extreme_jump,MEDIUM,,1.0,,,
2020-03-12,DG.N,extreme_jump,MEDIUM,,1.0,,,
2020-03-12,DGX.N,extreme_jump,MEDIUM,,1.0,,,
2020-03-12,DIS.N,extreme_jump,MEDIUM,,1.0,,,
2020-03-12,DPZ.N,extreme_jump,MEDIUM,,1.0,,,
2020-03-12,DRI.N,extreme_jump,MEDIUM,,1.0,,,
2020-03-12,DTE.N,extreme_jump,MEDIUM,,1.0,,,
2020-03-12,ECL.N,extreme_jump,MEDIUM,,1.0,,,
2020-03-12,ED.N,extreme_jump,MEDIUM,,1.0,,,
2020-03-12,EMN.N,extreme_jump,MEDIUM,,1.0,,,
2020-03-12,EPAM.N,extreme_jump,MEDIUM,,1.0,,,
2020-03-12,EQT.N,extreme_jump,MEDIUM,,4.0,,,
2020-03-12,ESS.N,extreme_jump,MEDIUM,,1.0,,,
2020-03-12,FI.N,extreme_jump,MEDIUM,,1.0,,,
2020-03-12,FICO.N,extreme_jump,MEDIUM,,1.0,,,
2020-03-12,FIS.N,extreme_jump,MEDIUM,,1.0,,,
2020-03-12,FTV.N,extreme_jump,MEDIUM,,1.0,,,
2020-03-12,GL.N,extreme_jump,MEDIUM,,1.0,,,
2020-03-12,GWW.N,extreme_jump,MEDIUM,,1.0,,,
2020-03-12,HD.N,extreme_jump,MEDIUM,,1.0,,,
2020-03-12,HIG.N,extreme_jump,MEDIUM,,1.0,,,
2020-03-12,HII.N,extreme_jump,MEDIUM,,1.0,,,
2020-03-12,HPE.N,extreme_jump,MEDIUM,,1.0,,,
2020-03-12,HPQ.N,extreme_jump,MEDIUM,,1.0,,,
2020-03-12,HUBB.N,extreme_jump,MEDIUM,,1.0,,,
2020-03-12,HUM.N,extreme_jump,MEDIUM,,1.0,,,
2020-03-12,IEX.N,extreme_jump,MEDIUM,,1.0,,,
2020-03-12,INVH.N,extreme_jump,MEDIUM,,2.0,,,
2020-03-12,IP.N,extreme_jump,MEDIUM,,1.0,,,
2020-03-12,IQV.N,extreme_jump,MEDIUM,,1.0,,,
2020-03-12,IRM.N,extreme_jump,MEDIUM,,1.0,,,
2020-03-12,IT.N,extreme_jump,MEDIUM,,1.0,,,
2020-03-12,J.N,extreme_jump,MEDIUM,,1.0,,,
2020-03-12,KEYS.N,extreme_jump,MEDIUM,,1.0,,,
2020-03-12,KIM.N,extreme_jump,MEDIUM,,3.0,,,
2020-03-12,KMB.N,extreme_jump,MEDIUM,,1.0,,,
2020-03-12,KMX.N,extreme_jump,MEDIUM,,1.0,,,
2020-03-12,L.N,extreme_jump,MEDIUM,,1.0,,,
2020-03-12,LDOS.N,extreme_jump,MEDIUM,,1.0,,,
2020-03-12,LH.N,extreme_jump,MEDIUM,,1.0,,,
2020-03-12,LIN.N,extreme_jump,MEDIUM,,1.0,,,
2020-03-12,LMT.N,extreme_jump,MEDIUM,,1.0,,,
2020-03-12,LYB.N,extreme_jump,MEDIUM,,1.0,,,
2020-03-12,MAA.N,extreme_jump,MEDIUM,,1.0,,,
2020-03-12,MCK.N,extreme_jump,MEDIUM,,1.0,,,
2020-03-12,MCO.N,extreme_jump,MEDIUM,,1.0,,,
2020-03-12,MHK.N,extreme_jump,MEDIUM,,1.0,,,
2020-03-12,MLM.N,extreme_jump,MEDIUM,,1.0,,,
2020-03-12,MMC.N,extreme_jump,MEDIUM,,1.0,,,
2020-03-12,MO.N,extreme_jump,MEDIUM,,1.0,,,
2020-03-12,MOH.N,extreme_jump,MEDIUM,,1.0,,,
2020-03-12,MRO.N,extreme_jump,MEDIUM,,1.0,,,
2020-03-12,MS.N,extreme_jump,MEDIUM,,1.0,,,
2020-03-12,MSCI.N,extreme_jump,MEDIUM,,1.0,,,
2020-03-12,MSI.N,extreme_jump,MEDIUM,,1.0,,,
2020-03-12,MTB.N,extreme_jump,MEDIUM,,1.0,,,
2020-03-12,MTD.N,extreme_jump,MEDIUM,,1.0,,,
2020-03-12,NSC.N,extreme_jump,MEDIUM,,1.0,,,
2020-03-12,NUE.N,extreme_jump,MEDIUM,,1.0,,,
2020-03-12,NVR.N,extreme_jump,MEDIUM,,1.0,,,
2020-03-12,O.N,extreme_jump,MEDIUM,,1.0,,,
2020-03-12,PAYC.N,extreme_jump,MEDIUM,,1.0,,,
2020-03-12,PEAK.N,extreme_jump,MEDIUM,,2.0,,,
2020-03-12,PG.N,extreme_jump,MEDIUM,,1.0,,,
2020-03-12,PKG.N,extreme_jump,MEDIUM,,1.0,,,
2020-03-12,PLD.N,extreme_jump,MEDIUM,,1.0,,,
2020-03-12,PM.N,extreme_jump,MEDIUM,,1.0,,,
2020-03-12,PNR.N,extreme_jump,MEDIUM,,1.0,,,
2020-03-12,PNW.N,extreme_jump,MEDIUM,,1.0,,,
2020-03-12,PPG.N,extreme_jump,MEDIUM,,1.0,,,
2020-03-12,PSA.N,extreme_jump,MEDIUM,,1.0,,,
2020-03-12,PSX.N,extreme_jump,MEDIUM,,1.0,,,
2020-03-12,RHI.N,extreme_jump,MEDIUM,,1.0,,,
2020-03-12,RJF.N,extreme_jump,MEDIUM,,1.0,,,
2020-03-12,RL.N,extreme_jump,MEDIUM,,1.0,,,
2020-03-12,RMD.N,extreme_jump,MEDIUM,,1.0,,,
2020-03-12,ROK.N,extreme_jump,MEDIUM,,1.0,,,
2020-03-12,RSG.N,extreme_jump,MEDIUM,,1.0,,,
2020-03-12,SEE.N,extreme_jump,MEDIUM,,1.0,,,
2020-03-12,SNA.N,extreme_jump,MEDIUM,,1.0,,,
2020-03-12,SPG.N,extreme_jump,MEDIUM,,1.0,,,
2020-03-12,STT.N,extreme_jump,MEDIUM,,1.0,,,
2020-03-12,TDY.N,extreme_jump,MEDIUM,,1.0,,,
2020-03-12,TEL.N,extreme_jump,MEDIUM,,1.0,,,
2020-03-12,TFC.N,extreme_jump,MEDIUM,,1.0,,,
2020-03-12,TFX.N,extreme_jump,MEDIUM,,1.0,,,
2020-03-12,TPR.N,extreme_jump,MEDIUM,,1.0,,,
2020-03-12,TT.N,extreme_jump,MEDIUM,,1.0,,,
2020-03-12,TXT.N,extreme_jump,MEDIUM,,1.0,,,
2020-03-12,TYL.N,extreme_jump,MEDIUM,,1.0,,,
2020-03-12,UPS.N,extreme_jump,MEDIUM,,1.0,,,
2020-03-12,VMC.N,extreme_jump,MEDIUM,,1.0,,,
2020-03-12,VTR.N,extreme_jump,MEDIUM,,1.0,,,
2020-03-12,WAB.N,extreme_jump,MEDIUM,,1.0,,,
2020-03-12,WAT.N,extreme_jump,MEDIUM,,1.0,,,
2020-03-12,WEC.N,extreme_jump,MEDIUM,,1.0,,,
2020-03-12,WELL.N,extreme_jump,MEDIUM,,1.0,,,
2020-03-12,WRB.N,extreme_jump,MEDIUM,,1.0,,,
2020-03-12,WST.N,extreme_jump,MEDIUM,,1.0,,,
2020-03-12,WY.N,extreme_jump,MEDIUM,,1.0,,,
2020-03-12,XYL.N,extreme_jump,MEDIUM,,1.0,,,
2020-03-12,YUM.N,extreme_jump,MEDIUM,,1.0,,,
2020-03-12,ZTS.N,extreme_jump,MEDIUM,,1.0,,,
2020-03-13,GRMN.N,flat_run,LOW,11.0,,,,
2020-03-13,NCLH.N,extreme_jump,MEDIUM,,2.0,,,
2020-03-16,AEE.N,nan_or_zero_or_negative,HIGH,,,0.0,4.0,0.0
2020-03-16,AJG.N,nan_or_zero_or_negative,HIGH,,,0.0,1.0,0.0
2020-03-16,ALK.N,nan_or_zero_or_negative,HIGH,,,0.0,10.0,0.0
2020-03-16,AME.N,nan_or_zero_or_negative,HIGH,,,0.0,13.0,0.0
2020-03-16,AMP.N,nan_or_zero_or_negative,HIGH,,,0.0,1.0,0.0
2020-03-16,AMT.N,nan_or_zero_or_negative,HIGH,,,0.0,1.0,0.0
2020-03-16,ANET.N,nan_or_zero_or_negative,HIGH,,,0.0,7.0,0.0
2020-03-16,AON.N,nan_or_zero_or_negative,HIGH,,,0.0,1.0,0.0
2020-03-16,AOS.N,nan_or_zero_or_negative,HIGH,,,0.0,1.0,0.0
2020-03-16,APTV.N,nan_or_zero_or_negative,HIGH,,,0.0,2.0,0.0
2020-03-16,AZO.N,nan_or_zero_or_negative,HIGH,,,0.0,2.0,0.0
2020-03-16,BAX.N,nan_or_zero_or_negative,HIGH,,,0.0,1.0,0.0
2020-03-16,BDX.N,nan_or_zero_or_negative,HIGH,,,0.0,1.0,0.0
2020-03-16,BIO.N,nan_or_zero_or_negative,HIGH,,,0.0,5.0,0.0
2020-03-16,BLK.N,nan_or_zero_or_negative,HIGH,,,0.0,4.0,0.0
2020-03-16,BR.N,nan_or_zero_or_negative,HIGH,,,0.0,10.0,0.0
2020-03-16,BRO.N,nan_or_zero_or_negative,HIGH,,,0.0,8.0,0.0
2020-03-16,BWA.N,nan_or_zero_or_negative,HIGH,,,0.0,5.0,0.0
2020-03-16,BX.N,nan_or_zero_or_negative,HIGH,,,0.0,1.0,0.0
2020-03-16,BXP.N,nan_or_zero_or_negative,HIGH,,,0.0,6.0,0.0
2020-03-16,CB.N,nan_or_zero_or_negative,HIGH,,,0.0,6.0,0.0
2020-03-16,CCI.N,nan_or_zero_or_negative,HIGH,,,0.0,1.0,0.0
2020-03-16,CDAY.N,nan_or_zero_or_negative,HIGH,,,0.0,3.0,0.0
2020-03-16,CI.N,nan_or_zero_or_negative,HIGH,,,0.0,1.0,0.0
2020-03-16,CMA.N,nan_or_zero_or_negative,HIGH,,,0.0,1.0,0.0
2020-03-16,CNC.N,nan_or_zero_or_negative,HIGH,,,0.0,1.0,0.0
2020-03-16,COR.N,nan_or_zero_or_negative,HIGH,,,0.0,13.0,0.0
2020-03-16,CPT.N,nan_or_zero_or_negative,HIGH,,,0.0,6.0,0.0
2020-03-16,CTLT.N,nan_or_zero_or_negative,HIGH,,,0.0,7.0,0.0
2020-03-16,CTRA.N,nan_or_zero_or_negative,HIGH,,,0.0,3.0,0.0
2020-03-16,DD.N,nan_or_zero_or_negative,HIGH,,,0.0,1.0,0.0
2020-03-16,DE.N,nan_or_zero_or_negative,HIGH,,,0.0,1.0,0.0
2020-03-16,DFS.N,nan_or_zero_or_negative,HIGH,,,0.0,3.0,0.0
2020-03-16,DG.N,nan_or_zero_or_negative,HIGH,,,0.0,1.0,0.0
2020-03-16,DHR.N,nan_or_zero_or_negative,HIGH,,,0.0,1.0,0.0
2020-03-16,DTE.N,nan_or_zero_or_negative,HIGH,,,0.0,1.0,0.0
2020-03-16,DVN.N,nan_or_zero_or_negative,HIGH,,,0.0,2.0,0.0
2020-03-16,EIX.N,nan_or_zero_or_negative,HIGH,,,0.0,2.0,0.0
2020-03-16,EL.N,nan_or_zero_or_negative,HIGH,,,0.0,3.0,0.0
2020-03-16,EMN.N,nan_or_zero_or_negative,HIGH,,,0.0,1.0,0.0
2020-03-16,EPAM.N,nan_or_zero_or_negative,HIGH,,,0.0,9.0,0.0
2020-03-16,EQT.N,nan_or_zero_or_negative,HIGH,,,0.0,7.0,0.0
2020-03-16,ES.N,nan_or_zero_or_negative,HIGH,,,0.0,3.0,0.0
2020-03-16,ETN.N,nan_or_zero_or_negative,HIGH,,,0.0,2.0,0.0
2020-03-16,ETR.N,nan_or_zero_or_negative,HIGH,,,0.0,4.0,0.0
2020-03-16,EW.N,nan_or_zero_or_negative,HIGH,,,0.0,2.0,0.0
2020-03-16,FDS.N,nan_or_zero_or_negative,HIGH,,,0.0,11.0,0.0
2020-03-16,FI.N,nan_or_zero_or_negative,HIGH,,,0.0,7.0,0.0
2020-03-16,FICO.N,nan_or_zero_or_negative,HIGH,,,0.0,7.0,0.0
2020-03-16,FIS.N,nan_or_zero_or_negative,HIGH,,,0.0,2.0,0.0
2020-03-16,FRT.N,nan_or_zero_or_negative,HIGH,,,0.0,7.0,0.0
2020-03-16,FTV.N,nan_or_zero_or_negative,HIGH,,,0.0,1.0,0.0
2020-03-16,GL.N,nan_or_zero_or_negative,HIGH,,,0.0,10.0,0.0
2020-03-16,GPC.N,nan_or_zero_or_negative,HIGH,,,0.0,8.0,0.0
2020-03-16,GPN.N,nan_or_zero_or_negative,HIGH,,,0.0,5.0,0.0
2020-03-16,HAL.N,nan_or_zero_or_negative,HIGH,,,0.0,3.0,0.0
2020-03-16,HII.N,nan_or_zero_or_negative,HIGH,,,0.0,2.0,0.0
2020-03-16,HUBB.N,nan_or_zero_or_negative,HIGH,,,0.0,5.0,0.0
2020-03-16,HUM.N,nan_or_zero_or_negative,HIGH,,,0.0,2.0,0.0
2020-03-16,IBM.N,nan_or_zero_or_negative,HIGH,,,0.0,2.0,0.0
2020-03-16,IEX.N,nan_or_zero_or_negative,HIGH,,,0.0,2.0,0.0
2020-03-16,INVH.N,nan_or_zero_or_negative,HIGH,,,0.0,7.0,0.0
2020-03-16,IP.N,nan_or_zero_or_negative,HIGH,,,0.0,1.0,0.0
2020-03-16,IQV.N,nan_or_zero_or_negative,HIGH,,,0.0,3.0,0.0
2020-03-16,IRM.N,nan_or_zero_or_negative,HIGH,,,0.0,3.0,0.0
2020-03-16,IT.N,nan_or_zero_or_negative,HIGH,,,0.0,3.0,0.0
2020-03-16,ITW.N,nan_or_zero_or_negative,HIGH,,,0.0,8.0,0.0
2020-03-16,IVZ.N,nan_or_zero_or_negative,HIGH,,,0.0,2.0,0.0
2020-03-16,JCI.N,nan_or_zero_or_negative,HIGH,,,0.0,3.0,0.0
2020-03-16,KEYS.N,nan_or_zero_or_negative,HIGH,,,0.0,1.0,0.0
2020-03-16,KMB.N,nan_or_zero_or_negative,HIGH,,,0.0,1.0,0.0
2020-03-16,KMX.N,nan_or_zero_or_negative,HIGH,,,0.0,1.0,0.0
2020-03-16,LDOS.N,nan_or_zero_or_negative,HIGH,,,0.0,2.0,0.0
2020-03-16,LEN.N,nan_or_zero_or_negative,HIGH,,,0.0,1.0,0.0
2020-03-16,LMT.N,nan_or_zero_or_negative,HIGH,,,0.0,1.0,0.0
2020-03-16,LVS.N,nan_or_zero_or_negative,HIGH,,,0.0,1.0,0.0
2020-03-16,LYB.N,nan_or_zero_or_negative,HIGH,,,0.0,1.0,0.0
2020-03-16,MCO.N,nan_or_zero_or_negative,HIGH,,,0.0,2.0,0.0
2020-03-16,MGM.N,nan_or_zero_or_negative,HIGH,,,0.0,3.0,0.0
2020-03-16,MHK.N,nan_or_zero_or_negative,HIGH,,,0.0,2.0,0.0
2020-03-16,MLM.N,nan_or_zero_or_negative,HIGH,,,0.0,4.0,0.0
2020-03-16,MPC.N,nan_or_zero_or_negative,HIGH,,,0.0,1.0,0.0
2020-03-16,MSI.N,nan_or_zero_or_negative,HIGH,,,0.0,1.0,0.0
2020-03-16,MTB.N,nan_or_zero_or_negative,HIGH,,,0.0,1.0,0.0
2020-03-16,MTD.N,nan_or_zero_or_negative,HIGH,,,0.0,12.0,0.0
2020-03-16,NEE.N,nan_or_zero_or_negative,HIGH,,,0.0,3.0,0.0
2020-03-16,NEM.N,nan_or_zero_or_negative,HIGH,,,0.0,3.0,0.0
2020-03-16,NOC.N,nan_or_zero_or_negative,HIGH,,,0.0,3.0,0.0
2020-03-16,NOW.N,nan_or_zero_or_negative,HIGH,,,0.0,2.0,0.0
2020-03-16,NRG.N,nan_or_zero_or_negative,HIGH,,,0.0,3.0,0.0
2020-03-16,NUE.N,nan_or_zero_or_negative,HIGH,,,0.0,16.0,0.0
2020-03-16,O.N,nan_or_zero_or_negative,HIGH,,,0.0,4.0,0.0
2020-03-16,OMC.N,nan_or_zero_or_negative,HIGH,,,0.0,6.0,0.0
2020-03-16,PCG.N,nan_or_zero_or_negative,HIGH,,,0.0,3.0,0.0
2020-03-16,PEAK.N,nan_or_zero_or_negative,HIGH,,,0.0,4.0,0.0
2020-03-16,PGR.N,nan_or_zero_or_negative,HIGH,,,0.0,2.0,0.0
2020-03-16,PH.N,nan_or_zero_or_negative,HIGH,,,0.0,8.0,0.0
2020-03-16,PHM.N,nan_or_zero_or_negative,HIGH,,,0.0,1.0,0.0
2020-03-16,PKG.N,nan_or_zero_or_negative,HIGH,,,0.0,1.0,0.0
2020-03-16,PPG.N,nan_or_zero_or_negative,HIGH,,,0.0,3.0,0.0
2020-03-16,PSX.N,nan_or_zero_or_negative,HIGH,,,0.0,2.0,0.0
2020-03-16,PWR.N,nan_or_zero_or_negative,HIGH,,,0.0,11.0,0.0
2020-03-16,PXD.N,nan_or_zero_or_negative,HIGH,,,0.0,10.0,0.0
2020-03-16,RL.N,nan_or_zero_or_negative,HIGH,,,0.0,3.0,0.0
2020-03-16,RMD.N,nan_or_zero_or_negative,HIGH,,,0.0,6.0,0.0
2020-03-16,ROK.N,nan_or_zero_or_negative,HIGH,,,0.0,2.0,0.0
2020-03-16,ROL.N,nan_or_zero_or_negative,HIGH,,,0.0,2.0,0.0
2020-03-16,SEE.N,nan_or_zero_or_negative,HIGH,,,0.0,1.0,0.0
2020-03-16,SHW.N,nan_or_zero_or_negative,HIGH,,,0.0,10.0,0.0
2020-03-16,SLB.N,nan_or_zero_or_negative,HIGH,,,0.0,7.0,0.0
2020-03-16,SNA.N,nan_or_zero_or_negative,HIGH,,,0.0,2.0,0.0
2020-03-16,STE.N,nan_or_zero_or_negative,HIGH,,,0.0,6.0,0.0
2020-03-16,STZ.N,nan_or_zero_or_negative,HIGH,,,0.0,1.0,0.0
2020-03-16,SWK.N,nan_or_zero_or_negative,HIGH,,,0.0,8.0,0.0
2020-03-16,SYK.N,nan_or_zero_or_negative,HIGH,,,0.0,3.0,0.0
2020-03-16,TAP.N,nan_or_zero_or_negative,HIGH,,,0.0,1.0,0.0
2020-03-16,TEL.N,nan_or_zero_or_negative,HIGH,,,0.0,1.0,0.0
2020-03-16,TFX.N,nan_or_zero_or_negative,HIGH,,,0.0,1.0,0.0
2020-03-16,TRGP.N,nan_or_zero_or_negative,HIGH,,,0.0,4.0,0.0
2020-03-16,TSN.N,nan_or_zero_or_negative,HIGH,,,0.0,1.0,0.0
2020-03-16,TT.N,nan_or_zero_or_negative,HIGH,,,0.0,2.0,0.0
2020-03-16,TXT.N,nan_or_zero_or_negative,HIGH,,,0.0,1.0,0.0
2020-03-16,TYL.N,nan_or_zero_or_negative,HIGH,,,0.0,9.0,0.0
2020-03-16,UHS.N,nan_or_zero_or_negative,HIGH,,,0.0,11.0,0.0
2020-03-16,UNP.N,nan_or_zero_or_negative,HIGH,,,0.0,3.0,0.0
2020-03-16,URI.N,nan_or_zero_or_negative,HIGH,,,0.0,1.0,0.0
2020-03-16,VICI.N,nan_or_zero_or_negative,HIGH,,,0.0,1.0,0.0
2020-03-16,VMC.N,nan_or_zero_or_negative,HIGH,,,0.0,2.0,0.0
2020-03-16,WAB.N,nan_or_zero_or_negative,HIGH,,,0.0,1.0,0.0
2020-03-16,WAT.N,nan_or_zero_or_negative,HIGH,,,0.0,4.0,0.0
2020-03-16,WHR.N,nan_or_zero_or_negative,HIGH,,,0.0,1.0,0.0
2020-03-16,WST.N,nan_or_zero_or_negative,HIGH,,,0.0,2.0,0.0
2020-03-16,WY.N,nan_or_zero_or_negative,HIGH,,,0.0,10.0,0.0
2020-03-16,ZBH.N,nan_or_zero_or_negative,HIGH,,,0.0,5.0,0.0
2020-03-16,AIZ.N,flat_run,LOW,16.0,,,,
2020-03-16,ALK.N,flat_run,LOW,10.0,,,,
2020-03-16,AMCR.N,flat_run,LOW,11.0,,,,
2020-03-16,AME.N,flat_run,LOW,13.0,,,,
2020-03-16,BR.N,flat_run,LOW,10.0,,,,
2020-03-16,COR.N,flat_run,LOW,13.0,,,,
2020-03-16,FDS.N,flat_run,LOW,11.0,,,,
2020-03-16,GL.N,flat_run,LOW,10.0,,,,
2020-03-16,MTD.N,flat_run,LOW,12.0,,,,
2020-03-16,NUE.N,flat_run,LOW,16.0,,,,
2020-03-16,PWR.N,flat_run,LOW,11.0,,,,
2020-03-16,PXD.N,flat_run,LOW,10.0,,,,
2020-03-16,SHW.N,flat_run,LOW,10.0,,,,
2020-03-16,UHS.N,flat_run,LOW,11.0,,,,
2020-03-16,WY.N,flat_run,LOW,10.0,,,,
2020-03-16,AEE.N,extreme_jump,MEDIUM,,1.0,,,
2020-03-16,AJG.N,extreme_jump,MEDIUM,,1.0,,,
2020-03-16,ALK.N,extreme_jump,MEDIUM,,1.0,,,
2020-03-16,AME.N,extreme_jump,MEDIUM,,1.0,,,
2020-03-16,AMP.N,extreme_jump,MEDIUM,,1.0,,,
2020-03-16,AMT.N,extreme_jump,MEDIUM,,1.0,,,
2020-03-16,ANET.N,extreme_jump,MEDIUM,,1.0,,,
2020-03-16,AON.N,extreme_jump,MEDIUM,,1.0,,,
2020-03-16,AOS.N,extreme_jump,MEDIUM,,1.0,,,
2020-03-16,APTV.N,extreme_jump,MEDIUM,,1.0,,,
2020-03-16,AZO.N,extreme_jump,MEDIUM,,1.0,,,
2020-03-16,BAX.N,extreme_jump,MEDIUM,,1.0,,,
2020-03-16,BDX.N,extreme_jump,MEDIUM,,1.0,,,
2020-03-16,BIO.N,extreme_jump,MEDIUM,,1.0,,,
2020-03-16,BLK.N,extreme_jump,MEDIUM,,1.0,,,
2020-03-16,BR.N,extreme_jump,MEDIUM,,1.0,,,
2020-03-16,BRO.N,extreme_jump,MEDIUM,,1.0,,,
2020-03-16,BWA.N,extreme_jump,MEDIUM,,1.0,,,
2020-03-16,BX.N,extreme_jump,MEDIUM,,1.0,,,
2020-03-16,BXP.N,extreme_jump,MEDIUM,,1.0,,,
2020-03-16,CB.N,extreme_jump,MEDIUM,,1.0,,,
2020-03-16,CCI.N,extreme_jump,MEDIUM,,1.0,,,
2020-03-16,CDAY.N,extreme_jump,MEDIUM,,1.0,,,
2020-03-16,CI.N,extreme_jump,MEDIUM,,1.0,,,
2020-03-16,CMA.N,extreme_jump,MEDIUM,,1.0,,,
2020-03-16,CNC.N,extreme_jump,MEDIUM,,1.0,,,
2020-03-16,COR.N,extreme_jump,MEDIUM,,1.0,,,
2020-03-16,CPT.N,extreme_jump,MEDIUM,,1.0,,,
2020-03-16,CTLT.N,extreme_jump,MEDIUM,,1.0,,,
2020-03-16,CTRA.N,extreme_jump,MEDIUM,,1.0,,,
2020-03-16,DD.N,extreme_jump,MEDIUM,,1.0,,,
2020-03-16,DE.N,extreme_jump,MEDIUM,,1.0,,,
2020-03-16,DFS.N,extreme_jump,MEDIUM,,1.0,,,
2020-03-16,DG.N,extreme_jump,MEDIUM,,1.0,,,
2020-03-16,DHR.N,extreme_jump,MEDIUM,,1.0,,,
2020-03-16,DTE.N,extreme_jump,MEDIUM,,1.0,,,
2020-03-16,DVN.N,extreme_jump,MEDIUM,,1.0,,,
2020-03-16,EIX.N,extreme_jump,MEDIUM,,1.0,,,
2020-03-16,EL.N,extreme_jump,MEDIUM,,1.0,,,
2020-03-16,EMN.N,extreme_jump,MEDIUM,,1.0,,,
2020-03-16,EPAM.N,extreme_jump,MEDIUM,,1.0,,,
2020-03-16,EQT.N,extreme_jump,MEDIUM,,5.0,,,
2020-03-16,ES.N,extreme_jump,MEDIUM,,1.0,,,
2020-03-16,ETN.N,extreme_jump,MEDIUM,,1.0,,,
2020-03-16,ETR.N,extreme_jump,MEDIUM,,1.0,,,
2020-03-16,EW.N,extreme_jump,MEDIUM,,1.0,,,
2020-03-16,FDS.N,extreme_jump,MEDIUM,,1.0,,,
2020-03-16,FI.N,extreme_jump,MEDIUM,,1.0,,,
2020-03-16,FICO.N,extreme_jump,MEDIUM,,3.0,,,
2020-03-16,FIS.N,extreme_jump,MEDIUM,,1.0,,,
2020-03-16,FRT.N,extreme_jump,MEDIUM,,1.0,,,
2020-03-16,FTV.N,extreme_jump,MEDIUM,,1.0,,,
2020-03-16,GL.N,extreme_jump,MEDIUM,,1.0,,,
2020-03-16,GPC.N,extreme_jump,MEDIUM,,1.0,,,
2020-03-16,GPN.N,extreme_jump,MEDIUM,,1.0,,,
2020-03-16,HAL.N,extreme_jump,MEDIUM,,1.0,,,
2020-03-16,HII.N,extreme_jump,MEDIUM,,1.0,,,
2020-03-16,HUBB.N,extreme_jump,MEDIUM,,1.0,,,
2020-03-16,HUM.N,extreme_jump,MEDIUM,,1.0,,,
2020-03-16,IBM.N,extreme_jump,MEDIUM,,1.0,,,
2020-03-16,IEX.N,extreme_jump,MEDIUM,,1.0,,,
2020-03-16,INVH.N,extreme_jump,MEDIUM,,1.0,,,
2020-03-16,IP.N,extreme_jump,MEDIUM,,1.0,,,
2020-03-16,IQV.N,extreme_jump,MEDIUM,,1.0,,,
2020-03-16,IRM.N,extreme_jump,MEDIUM,,1.0,,,
2020-03-16,IT.N,extreme_jump,MEDIUM,,1.0,,,
2020-03-16,ITW.N,extreme_jump,MEDIUM,,1.0,,,
2020-03-16,IVZ.N,extreme_jump,MEDIUM,,1.0,,,
2020-03-16,JCI.N,extreme_jump,MEDIUM,,1.0,,,
2020-03-16,KEYS.N,extreme_jump,MEDIUM,,1.0,,,
2020-03-16,KMB.N,extreme_jump,MEDIUM,,1.0,,,
2020-03-16,KMX.N,extreme_jump,MEDIUM,,1.0,,,
2020-03-16,LDOS.N,extreme_jump,MEDIUM,,1.0,,,
2020-03-16,LEN.N,extreme_jump,MEDIUM,,1.0,,,
2020-03-16,LMT.N,extreme_jump,MEDIUM,,1.0,,,
2020-03-16,LVS.N,extreme_jump,MEDIUM,,1.0,,,
2020-03-16,LYB.N,extreme_jump,MEDIUM,,1.0,,,
2020-03-16,LYV.N,extreme_jump,MEDIUM,,2.0,,,
2020-03-16,MCO.N,extreme_jump,MEDIUM,,1.0,,,
2020-03-16,MGM.N,extreme_jump,MEDIUM,,1.0,,,
2020-03-16,MHK.N,extreme_jump,MEDIUM,,1.0,,,
2020-03-16,MLM.N,extreme_jump,MEDIUM,,1.0,,,
2020-03-16,MPC.N,extreme_jump,MEDIUM,,1.0,,,
2020-03-16,MSI.N,extreme_jump,MEDIUM,,1.0,,,
2020-03-16,MTB.N,extreme_jump,MEDIUM,,1.0,,,
2020-03-16,MTD.N,extreme_jump,MEDIUM,,1.0,,,
2020-03-16,NEE.N,extreme_jump,MEDIUM,,1.0,,,
2020-03-16,NEM.N,extreme_jump,MEDIUM,,1.0,,,
2020-03-16,NOC.N,extreme_jump,MEDIUM,,1.0,,,
2020-03-16,NOW.N,extreme_jump,MEDIUM,,1.0,,,
2020-03-16,NRG.N,extreme_jump,MEDIUM,,1.0,,,
2020-03-16,NUE.N,extreme_jump,MEDIUM,,1.0,,,
2020-03-16,O.N,extreme_jump,MEDIUM,,1.0,,,
2020-03-16,OMC.N,extreme_jump,MEDIUM,,1.0,,,
2020-03-16,PCG.N,extreme_jump,MEDIUM,,1.0,,,
2020-03-16,PEAK.N,extreme_jump,MEDIUM,,1.0,,,
2020-03-16,PGR.N,extreme_jump,MEDIUM,,1.0,,,
2020-03-16,PH.N,extreme_jump,MEDIUM,,1.0,,,
2020-03-16,PHM.N,extreme_jump,MEDIUM,,1.0,,,
2020-03-16,PKG.N,extreme_jump,MEDIUM,,1.0,,,
2020-03-16,PPG.N,extreme_jump,MEDIUM,,1.0,,,
2020-03-16,PSX.N,extreme_jump,MEDIUM,,3.0,,,
2020-03-16,PWR.N,extreme_jump,MEDIUM,,1.0,,,
2020-03-16,PXD.N,extreme_jump,MEDIUM,,1.0,,,
2020-03-16,RL.N,extreme_jump,MEDIUM,,1.0,,,
2020-03-16,RMD.N,extreme_jump,MEDIUM,,1.0,,,
2020-03-16,ROK.N,extreme_jump,MEDIUM,,1.0,,,
2020-03-16,ROL.N,extreme_jump,MEDIUM,,1.0,,,
2020-03-16,SEE.N,extreme_jump,MEDIUM,,1.0,,,
2020-03-16,SHW.N,extreme_jump,MEDIUM,,1.0,,,
2020-03-16,SLB.N,extreme_jump,MEDIUM,,1.0,,,
2020-03-16,SNA.N,extreme_jump,MEDIUM,,1.0,,,
2020-03-16,STE.N,extreme_jump,MEDIUM,,1.0,,,
2020-03-16,STZ.N,extreme_jump,MEDIUM,,1.0,,,
2020-03-16,SWK.N,extreme_jump,MEDIUM,,1.0,,,
2020-03-16,SYK.N,extreme_jump,MEDIUM,,1.0,,,
2020-03-16,TAP.N,extreme_jump,MEDIUM,,1.0,,,
2020-03-16,TEL.N,extreme_jump,MEDIUM,,1.0,,,
2020-03-16,TFC.N,extreme_jump,MEDIUM,,2.0,,,
2020-03-16,TFX.N,extreme_jump,MEDIUM,,1.0,,,
2020-03-16,TRGP.N,extreme_jump,MEDIUM,,3.0,,,
2020-03-16,TSN.N,extreme_jump,MEDIUM,,1.0,,,
2020-03-16,TT.N,extreme_jump,MEDIUM,,1.0,,,
2020-03-16,TXT.N,extreme_jump,MEDIUM,,1.0,,,
2020-03-16,TYL.N,extreme_jump,MEDIUM,,1.0,,,
2020-03-16,UHS.N,extreme_jump,MEDIUM,,1.0,,,
2020-03-16,UNP.N,extreme_jump,MEDIUM,,1.0,,,
2020-03-16,URI.N,extreme_jump,MEDIUM,,1.0,,,
2020-03-16,VICI.N,extreme_jump,MEDIUM,,1.0,,,
2020-03-16,VMC.N,extreme_jump,MEDIUM,,1.0,,,
2020-03-16,WAB.N,extreme_jump,MEDIUM,,1.0,,,
2020-03-16,WAT.N,extreme_jump,MEDIUM,,1.0,,,
2020-03-16,WHR.N,extreme_jump,MEDIUM,,1.0,,,
2020-03-16,WST.N,extreme_jump,MEDIUM,,1.0,,,
2020-03-16,WY.N,extreme_jump,MEDIUM,,1.0,,,
2020-03-16,ZBH.N,extreme_jump,MEDIUM,,1.0,,,
2020-03-17,CTRA.N,flat_run,LOW,10.0,,,,
2020-03-17,CZR.OQ,extreme_jump,MEDIUM,,2.0,,,
2020-03-18,AIZ.N,nan_or_zero_or_negative,HIGH,,,0.0,15.0,0.0
2020-03-18,AJG.N,nan_or_zero_or_negative,HIGH,,,0.0,17.0,0.0
2020-03-18,AVY.N,nan_or_zero_or_negative,HIGH,,,1.0,0.0,0.0
2020-03-18,CF.N,nan_or_zero_or_negative,HIGH,,,0.0,15.0,0.0
2020-03-18,CMA.N,nan_or_zero_or_negative,HIGH,,,3.0,0.0,0.0
2020-03-18,DAL.N,nan_or_zero_or_negative,HIGH,,,0.0,15.0,0.0
2020-03-18,DOV.N,nan_or_zero_or_negative,HIGH,,,0.0,16.0,0.0
2020-03-18,DTE.N,nan_or_zero_or_negative,HIGH,,,3.0,0.0,0.0
2020-03-18,ESS.N,nan_or_zero_or_negative,HIGH,,,0.0,16.0,0.0
2020-03-18,HUBB.N,nan_or_zero_or_negative,HIGH,,,0.0,19.0,0.0
2020-03-18,IEX.N,nan_or_zero_or_negative,HIGH,,,1.0,22.0,0.0
2020-03-18,MTD.N,nan_or_zero_or_negative,HIGH,,,0.0,15.0,0.0
2020-03-18,NVR.N,nan_or_zero_or_negative,HIGH,,,0.0,17.0,0.0
2020-03-18,SNA.N,nan_or_zero_or_negative,HIGH,,,0.0,16.0,0.0
2020-03-18,TRGP.N,nan_or_zero_or_negative,HIGH,,,0.0,2.0,0.0
2020-03-18,WAT.N,nan_or_zero_or_negative,HIGH,,,3.0,0.0,0.0
2020-03-18,ACN.N,extreme_jump,MEDIUM,,2.0,,,
2020-03-18,ADSK.OQ,extreme_jump,MEDIUM,,2.0,,,
2020-03-18,AEE.N,extreme_jump,MEDIUM,,2.0,,,
2020-03-18,AES.N,extreme_jump,MEDIUM,,2.0,,,
2020-03-18,AIZ.N,extreme_jump,MEDIUM,,2.0,,,
2020-03-18,AJG.N,extreme_jump,MEDIUM,,2.0,,,
2020-03-18,AMCR.N,extreme_jump,MEDIUM,,2.0,,,
2020-03-18,AME.N,extreme_jump,MEDIUM,,2.0,,,
2020-03-18,AMP.N,extreme_jump,MEDIUM,,2.0,,,
2020-03-18,ANET.N,extreme_jump,MEDIUM,,2.0,,,
2020-03-18,AON.N,extreme_jump,MEDIUM,,2.0,,,
2020-03-18,AOS.N,extreme_jump,MEDIUM,,2.0,,,
2020-03-18,APH.N,extreme_jump,MEDIUM,,2.0,,,
2020-03-18,APTV.N,extreme_jump,MEDIUM,,2.0,,,
2020-03-18,ARE.N,extreme_jump,MEDIUM,,2.0,,,
2020-03-18,ATO.N,extreme_jump,MEDIUM,,2.0,,,
2020-03-18,AVB.N,extreme_jump,MEDIUM,,2.0,,,
2020-03-18,AVGO.OQ,extreme_jump,MEDIUM,,2.0,,,
2020-03-18,AZO.N,extreme_jump,MEDIUM,,2.0,,,
2020-03-18,BAX.N,extreme_jump,MEDIUM,,2.0,,,
2020-03-18,BDX.N,extreme_jump,MEDIUM,,2.0,,,
2020-03-18,BFb.N,extreme_jump,MEDIUM,,2.0,,,
2020-03-18,BG.N,extreme_jump,MEDIUM,,2.0,,,
2020-03-18,BIO.N,extreme_jump,MEDIUM,,2.0,,,
2020-03-18,BLK.N,extreme_jump,MEDIUM,,2.0,,,
2020-03-18,CAG.N,extreme_jump,MEDIUM,,2.0,,,
2020-03-18,CAH.N,extreme_jump,MEDIUM,,2.0,,,
2020-03-18,CAT.N,extreme_jump,MEDIUM,,2.0,,,
2020-03-18,CB.N,extreme_jump,MEDIUM,,2.0,,,
2020-03-18,CBOE.Z,extreme_jump,MEDIUM,,2.0,,,
2020-03-18,CBRE.N,extreme_jump,MEDIUM,,2.0,,,
2020-03-18,CCI.N,extreme_jump,MEDIUM,,2.0,,,
2020-03-18,CDNS.OQ,extreme_jump,MEDIUM,,2.0,,,
2020-03-18,CDW.OQ,extreme_jump,MEDIUM,,2.0,,,
2020-03-18,CE.N,extreme_jump,MEDIUM,,2.0,,,
2020-03-18,CF.N,extreme_jump,MEDIUM,,2.0,,,
2020-03-18,CFG.N,extreme_jump,MEDIUM,,2.0,,,
2020-03-18,CHD.N,extreme_jump,MEDIUM,,2.0,,,
2020-03-18,CHTR.OQ,extreme_jump,MEDIUM,,2.0,,,
2020-03-18,CINF.OQ,extreme_jump,MEDIUM,,2.0,,,
2020-03-18,CL.N,extreme_jump,MEDIUM,,2.0,,,
2020-03-18,CLX.N,extreme_jump,MEDIUM,,2.0,,,
2020-03-18,CMG.N,extreme_jump,MEDIUM,,2.0,,,
2020-03-18,CMI.N,extreme_jump,MEDIUM,,2.0,,,
2020-03-18,CMS.N,extreme_jump,MEDIUM,,2.0,,,
2020-03-18,CNC.N,extreme_jump,MEDIUM,,2.0,,,
2020-03-18,COR.N,extreme_jump,MEDIUM,,2.0,,,
2020-03-18,COST.OQ,extreme_jump,MEDIUM,,2.0,,,
2020-03-18,CPB.N,extreme_jump,MEDIUM,,2.0,,,
2020-03-18,CPRT.OQ,extreme_jump,MEDIUM,,2.0,,,
2020-03-18,CPT.N,extreme_jump,MEDIUM,,2.0,,,
2020-03-18,CRL.N,extreme_jump,MEDIUM,,2.0,,,
2020-03-18,CTAS.OQ,extreme_jump,MEDIUM,,2.0,,,
2020-03-18,CTLT.N,extreme_jump,MEDIUM,,2.0,,,
2020-03-18,DAL.N,extreme_jump,MEDIUM,,2.0,,,
2020-03-18,DD.N,extreme_jump,MEDIUM,,2.0,,,
2020-03-18,DE.N,extreme_jump,MEDIUM,,2.0,,,
2020-03-18,DFS.N,extreme_jump,MEDIUM,,2.0,,,
2020-03-18,DG.N,extreme_jump,MEDIUM,,2.0,,,
2020-03-18,DHR.N,extreme_jump,MEDIUM,,2.0,,,
2020-03-18,DLTR.OQ,extreme_jump,MEDIUM,,2.0,,,
2020-03-18,DOV.N,extreme_jump,MEDIUM,,2.0,,,
2020-03-18,DPZ.N,extreme_jump,MEDIUM,,2.0,,,
2020-03-18,DTE.N,extreme_jump,MEDIUM,,2.0,,,
2020-03-18,DUK.N,extreme_jump,MEDIUM,,2.0,,,
2020-03-18,DVN.N,extreme_jump,MEDIUM,,2.0,,,
2020-03-18,DXCM.OQ,extreme_jump,MEDIUM,,2.0,,,
2020-03-18,ECL.N,extreme_jump,MEDIUM,,2.0,,,
2020-03-18,ED.N,extreme_jump,MEDIUM,,2.0,,,
2020-03-18,EFX.N,extreme_jump,MEDIUM,,2.0,,,
2020-03-18,EIX.N,extreme_jump,MEDIUM,,2.0,,,
2020-03-18,EL.N,extreme_jump,MEDIUM,,2.0,,,
2020-03-18,EMN.N,extreme_jump,MEDIUM,,2.0,,,
2020-03-18,EOG.N,extreme_jump,MEDIUM,,2.0,,,
2020-03-18,EQIX.OQ,extreme_jump,MEDIUM,,2.0,,,
2020-03-18,EQR.N,extreme_jump,MEDIUM,,2.0,,,
2020-03-18,EQT.N,extreme_jump,MEDIUM,,2.0,,,
2020-03-18,ES.N,extreme_jump,MEDIUM,,2.0,,,
2020-03-18,ESS.N,extreme_jump,MEDIUM,,2.0,,,
2020-03-18,ETSY.OQ,extreme_jump,MEDIUM,,2.0,,,
2020-03-18,EW.N,extreme_jump,MEDIUM,,2.0,,,
2020-03-18,EXPD.OQ,extreme_jump,MEDIUM,,2.0,,,
2020-03-18,FE.N,extreme_jump,MEDIUM,,2.0,,,
2020-03-18,FFIV.OQ,extreme_jump,MEDIUM,,2.0,,,
2020-03-18,FI.N,extreme_jump,MEDIUM,,2.0,,,
2020-03-18,FMC.N,extreme_jump,MEDIUM,,2.0,,,
2020-03-18,FOXA.OQ,extreme_jump,MEDIUM,,2.0,,,
2020-03-18,FRT.N,extreme_jump,MEDIUM,,2.0,,,
2020-03-18,FTV.N,extreme_jump,MEDIUM,,2.0,,,
2020-03-18,GD.N,extreme_jump,MEDIUM,,2.0,,,
2020-03-18,GE.N,extreme_jump,MEDIUM,,2.0,,,
2020-03-18,GLW.N,extreme_jump,MEDIUM,,2.0,,,
2020-03-18,GOOG.OQ,extreme_jump,MEDIUM,,2.0,,,
2020-03-18,GOOGL.OQ,extreme_jump,MEDIUM,,2.0,,,
2020-03-18,GPC.N,extreme_jump,MEDIUM,,2.0,,,
2020-03-18,GWW.N,extreme_jump,MEDIUM,,2.0,,,
2020-03-18,HAL.N,extreme_jump,MEDIUM,,2.0,,,
2020-03-18,HCA.N,extreme_jump,MEDIUM,,2.0,,,
2020-03-18,HII.N,extreme_jump,MEDIUM,,2.0,,,
2020-03-18,HOLX.OQ,extreme_jump,MEDIUM,,2.0,,,
2020-03-18,HSIC.OQ,extreme_jump,MEDIUM,,2.0,,,
2020-03-18,HUBB.N,extreme_jump,MEDIUM,,2.0,,,
2020-03-18,HUM.N,extreme_jump,MEDIUM,,2.0,,,
2020-03-18,IDXX.OQ,extreme_jump,MEDIUM,,2.0,,,
2020-03-18,IEX.N,extreme_jump,MEDIUM,,2.0,,,
2020-03-18,ILMN.OQ,extreme_jump,MEDIUM,,2.0,,,
2020-03-18,INCY.OQ,extreme_jump,MEDIUM,,2.0,,,
2020-03-18,INTU.OQ,extreme_jump,MEDIUM,,2.0,,,
2020-03-18,INVH.N,extreme_jump,MEDIUM,,2.0,,,
2020-03-18,IP.N,extreme_jump,MEDIUM,,2.0,,,
2020-03-18,IQV.N,extreme_jump,MEDIUM,,2.0,,,
2020-03-18,IRM.N,extreme_jump,MEDIUM,,2.0,,,
2020-03-18,ISRG.OQ,extreme_jump,MEDIUM,,2.0,,,
2020-03-18,IT.N,extreme_jump,MEDIUM,,2.0,,,
2020-03-18,ITW.N,extreme_jump,MEDIUM,,2.0,,,
2020-03-18,IVZ.N,extreme_jump,MEDIUM,,2.0,,,
2020-03-18,J.N,extreme_jump,MEDIUM,,2.0,,,
2020-03-18,JBHT.OQ,extreme_jump,MEDIUM,,2.0,,,
2020-03-18,JCI.N,extreme_jump,MEDIUM,,2.0,,,
2020-03-18,K.N,extreme_jump,MEDIUM,,2.0,,,
2020-03-18,KLAC.OQ,extreme_jump,MEDIUM,,2.0,,,
2020-03-18,L.N,extreme_jump,MEDIUM,,2.0,,,
2020-03-18,LDOS.N,extreme_jump,MEDIUM,,2.0,,,
2020-03-18,LH.N,extreme_jump,MEDIUM,,2.0,,,
2020-03-18,LHX.N,extreme_jump,MEDIUM,,2.0,,,
2020-03-18,LMT.N,extreme_jump,MEDIUM,,2.0,,,
2020-03-18,LYB.N,extreme_jump,MEDIUM,,2.0,,,
2020-03-18,LYV.N,extreme_jump,MEDIUM,,2.0,,,
2020-03-18,MAA.N,extreme_jump,MEDIUM,,2.0,,,
2020-03-18,MCO.N,extreme_jump,MEDIUM,,2.0,,,
2020-03-18,MGM.N,extreme_jump,MEDIUM,,2.0,,,
2020-03-18,MHK.N,extreme_jump,MEDIUM,,4.0,,,
2020-03-18,MKC.N,extreme_jump,MEDIUM,,2.0,,,
2020-03-18,MLM.N,extreme_jump,MEDIUM,,2.0,,,
2020-03-18,MOH.N,extreme_jump,MEDIUM,,2.0,,,
2020-03-18,MSCI.N,extreme_jump,MEDIUM,,2.0,,,
2020-03-18,MSI.N,extreme_jump,MEDIUM,,2.0,,,
2020-03-18,MTB.N,extreme_jump,MEDIUM,,2.0,,,
2020-03-18,MTCH.OQ,extreme_jump,MEDIUM,,2.0,,,
2020-03-18,MTD.N,extreme_jump,MEDIUM,,3.0,,,
2020-03-18,NDAQ.OQ,extreme_jump,MEDIUM,,2.0,,,
2020-03-18,NDSN.OQ,extreme_jump,MEDIUM,,2.0,,,
2020-03-18,NI.N,extreme_jump,MEDIUM,,2.0,,,
2020-03-18,NOC.N,extreme_jump,MEDIUM,,2.0,,,
2020-03-18,NSC.N,extreme_jump,MEDIUM,,2.0,,,
2020-03-18,NTAP.OQ,extreme_jump,MEDIUM,,2.0,,,
2020-03-18,NTRS.OQ,extreme_jump,MEDIUM,,2.0,,,
2020-03-18,NUE.N,extreme_jump,MEDIUM,,2.0,,,
2020-03-18,NVR.N,extreme_jump,MEDIUM,,2.0,,,
2020-03-18,NWS.OQ,extreme_jump,MEDIUM,,2.0,,,
2020-03-18,ODFL.OQ,extreme_jump,MEDIUM,,2.0,,,
2020-03-18,OKE.N,extreme_jump,MEDIUM,,2.0,,,
2020-03-18,ORLY.OQ,extreme_jump,MEDIUM,,2.0,,,
2020-03-18,PAYC.N,extreme_jump,MEDIUM,,2.0,,,
2020-03-18,PEP.OQ,extreme_jump,MEDIUM,,2.0,,,
2020-03-18,PH.N,extreme_jump,MEDIUM,,2.0,,,
2020-03-18,PHM.N,extreme_jump,MEDIUM,,2.0,,,
2020-03-18,PLD.N,extreme_jump,MEDIUM,,2.0,,,
2020-03-18,PNC.N,extreme_jump,MEDIUM,,2.0,,,
2020-03-18,PNR.N,extreme_jump,MEDIUM,,2.0,,,
2020-03-18,POOL.OQ,extreme_jump,MEDIUM,,2.0,,,
2020-03-18,PPL.N,extreme_jump,MEDIUM,,2.0,,,
2020-03-18,PSA.N,extreme_jump,MEDIUM,,2.0,,,
2020-03-18,PSX.N,extreme_jump,MEDIUM,,2.0,,,
2020-03-18,PXD.N,extreme_jump,MEDIUM,,2.0,,,
2020-03-18,QRVO.OQ,extreme_jump,MEDIUM,,2.0,,,
2020-03-18,REG.OQ,extreme_jump,MEDIUM,,2.0,,,
2020-03-18,REGN.OQ,extreme_jump,MEDIUM,,2.0,,,
2020-03-18,RHI.N,extreme_jump,MEDIUM,,2.0,,,
2020-03-18,RJF.N,extreme_jump,MEDIUM,,2.0,,,
2020-03-18,RL.N,extreme_jump,MEDIUM,,2.0,,,
2020-03-18,RMD.N,extreme_jump,MEDIUM,,2.0,,,
2020-03-18,ROK.N,extreme_jump,MEDIUM,,2.0,,,
2020-03-18,RSG.N,extreme_jump,MEDIUM,,2.0,,,
2020-03-18,SBAC.OQ,extreme_jump,MEDIUM,,2.0,,,
2020-03-18,SJM.N,extreme_jump,MEDIUM,,2.0,,,
2020-03-18,SNA.N,extreme_jump,MEDIUM,,2.0,,,
2020-03-18,SNPS.OQ,extreme_jump,MEDIUM,,2.0,,,
2020-03-18,SPG.N,extreme_jump,MEDIUM,,2.0,,,
2020-03-18,SRE.N,extreme_jump,MEDIUM,,2.0,,,
2020-03-18,STE.N,extreme_jump,MEDIUM,,2.0,,,
2020-03-18,STT.N,extreme_jump,MEDIUM,,2.0,,,
2020-03-18,STZ.N,extreme_jump,MEDIUM,,2.0,,,
2020-03-18,SYF.N,extreme_jump,MEDIUM,,2.0,,,
2020-03-18,SYY.N,extreme_jump,MEDIUM,,2.0,,,
2020-03-18,TAP.N,extreme_jump,MEDIUM,,2.0,,,
2020-03-18,TDY.N,extreme_jump,MEDIUM,,2.0,,,
2020-03-18,TEL.N,extreme_jump,MEDIUM,,2.0,,,
2020-03-18,TFX.N,extreme_jump,MEDIUM,,2.0,,,
2020-03-18,TGT.N,extreme_jump,MEDIUM,,2.0,,,
2020-03-18,TMO.N,extreme_jump,MEDIUM,,2.0,,,
2020-03-18,TRGP.N,extreme_jump,MEDIUM,,11.0,,,
2020-03-18,TRMB.OQ,extreme_jump,MEDIUM,,2.0,,,
2020-03-18,TRV.N,extreme_jump,MEDIUM,,2.0,,,
2020-03-18,TSCO.OQ,extreme_jump,MEDIUM,,2.0,,,
2020-03-18,TYL.N,extreme_jump,MEDIUM,,2.0,,,
2020-03-18,UDR.N,extreme_jump,MEDIUM,,2.0,,,
2020-03-18,ULTA.OQ,extreme_jump,MEDIUM,,2.0,,,
2020-03-18,UNP.N,extreme_jump,MEDIUM,,2.0,,,
2020-03-18,VMC.N,extreme_jump,MEDIUM,,2.0,,,
2020-03-18,VRSK.OQ,extreme_jump,MEDIUM,,2.0,,,
2020-03-18,VRSN.OQ,extreme_jump,MEDIUM,,2.0,,,
2020-03-18,WAB.N,extreme_jump,MEDIUM,,2.0,,,
2020-03-18,WAT.N,extreme_jump,MEDIUM,,2.0,,,
2020-03-18,WHR.N,extreme_jump,MEDIUM,,2.0,,,
2020-03-18,WRB.N,extreme_jump,MEDIUM,,2.0,,,
2020-03-18,WRK.N,extreme_jump,MEDIUM,,2.0,,,
2020-03-18,WST.N,extreme_jump,MEDIUM,,2.0,,,
2020-03-18,WY.N,extreme_jump,MEDIUM,,2.0,,,
2020-03-18,XEL.OQ,extreme_jump,MEDIUM,,2.0,,,
2020-03-18,ZBRA.OQ,extreme_jump,MEDIUM,,2.0,,,
2020-03-19,GRMN.N,flat_run,LOW,10.0,,,,
2020-03-19,TJX.N,flat_run,LOW,19.0,,,,
2020-03-19,DRI.N,extreme_jump,MEDIUM,,2.0,,,
2020-03-19,TJX.N,extreme_jump,MEDIUM,,2.0,,,
2020-03-19,TRGP.N,extreme_jump,MEDIUM,,2.0,,,
2020-03-19,UHS.N,extreme_jump,MEDIUM,,2.0,,,
2020-03-20,CTRA.N,flat_run,LOW,14.0,,,,
2020-03-23,RCL.N,flat_run,MEDIUM,24.0,,,,
2020-03-23,CTRA.N,flat_run,LOW,15.0,,,,
2020-03-24,TRGP.N,nan_or_zero_or_negative,HIGH,,,0.0,5.0,0.0
2020-03-24,CTRA.N,flat_run,MEDIUM,25.0,,,,
2020-03-24,FI.N,flat_run,LOW,10.0,,,,
2020-03-24,TRGP.N,extreme_jump,MEDIUM,,2.0,,,
2020-03-25,CTRA.N,flat_run,LOW,16.0,,,,
2020-03-25,NCLH.N,extreme_jump,MEDIUM,,2.0,,,
2020-03-27,BIO.N,flat_run,LOW,10.0,,,,
2020-03-27,CTRA.N,flat_run,LOW,10.0,,,,
2020-03-31,CTRA.N,flat_run,LOW,14.0,,,,
2020-03-31,CZR.OQ,extreme_jump,MEDIUM,,1.0,,,
2020-04-01,BIO.N,flat_run,LOW,10.0,,,,
2020-04-01,CTRA.N,flat_run,LOW,13.0,,,,
2020-04-01,HWM.N,flat_run,LOW,10.0,,,,
2020-04-02,CTRA.N,flat_run,LOW,13.0,,,,
2020-04-02,OKE.N,extreme_jump,MEDIUM,,2.0,,,
2020-04-03,CTRA.N,flat_run,LOW,16.0,,,,
2020-04-07,CTRA.N,flat_run,LOW,11.0,,,,
2020-04-07,FI.N,flat_run,LOW,11.0,,,,
2020-04-08,FI.N,flat_run,MEDIUM,23.0,,,,
2020-04-14,FI.N,flat_run,LOW,12.0,,,,
2020-04-15,FI.N,flat_run,MEDIUM,24.0,,,,
2020-04-15,CTRA.N,flat_run,LOW,12.0,,,,
2020-04-16,CTRA.N,flat_run,LOW,11.0,,,,
2020-04-16,FI.N,flat_run,LOW,14.0,,,,
2020-04-17,CTRA.N,flat_run,LOW,13.0,,,,
2020-04-20,CTRA.N,flat_run,LOW,10.0,,,,
2020-04-22,CTRA.N,flat_run,LOW,12.0,,,,
2020-04-27,CTRA.N,flat_run,LOW,18.0,,,,
2020-04-27,FI.N,flat_run,LOW,10.0,,,,
2020-04-30,CTRA.N,flat_run,LOW,13.0,,,,
2020-05-01,FI.N,flat_run,MEDIUM,43.0,,,,
2020-05-01,CTRA.N,flat_run,LOW,10.0,,,,
2020-05-04,CTRA.N,flat_run,MEDIUM,50.0,,,,
2020-05-05,BIO.N,flat_run,LOW,13.0,,,,
2020-05-06,CTRA.N,flat_run,LOW,11.0,,,,
2020-05-07,CTRA.N,flat_run,LOW,12.0,,,,
2020-05-08,F.N,flat_run,LOW,17.0,,,,
2020-05-12,FI.N,flat_run,MEDIUM,26.0,,,,
2020-05-12,CTRA.N,flat_run,LOW,15.0,,,,
2020-05-12,NWS.OQ,flat_run,LOW,10.0,,,,
2020-05-13,FI.N,flat_run,MEDIUM,26.0,,,,
2020-05-13,CTRA.N,flat_run,LOW,10.0,,,,
2020-05-14,CTRA.N,flat_run,LOW,16.0,,,,
2020-05-14,FI.N,flat_run,LOW,10.0,,,,
2020-05-15,FI.N,flat_run,MEDIUM,36.0,,,,
2020-05-18,FI.N,flat_run,LOW,14.0,,,,
2020-05-19,CTRA.N,flat_run,LOW,14.0,,,,
2020-05-19,FI.N,flat_run,LOW,10.0,,,,
2020-05-20,FI.N,flat_run,MEDIUM,28.0,,,,
2020-05-20,CTRA.N,flat_run,LOW,17.0,,,,
2020-05-21,CTRA.N,flat_run,LOW,12.0,,,,
2020-05-22,FI.N,flat_run,MEDIUM,20.0,,,,
2020-05-22,BIO.N,flat_run,LOW,14.0,,,,
2020-05-22,CTRA.N,flat_run,LOW,17.0,,,,
2020-05-26,CTRA.N,flat_run,LOW,10.0,,,,
2020-05-28,FI.N,flat_run,LOW,10.0,,,,
2020-05-29,FI.N,flat_run,LOW,13.0,,,,
2020-05-29,OXY.N,extreme_jump,MEDIUM,,2.0,,,
2020-06-01,FI.N,flat_run,MEDIUM,22.0,,,,
2020-06-01,AMCR.N,flat_run,LOW,11.0,,,,
2020-06-01,CTRA.N,flat_run,LOW,16.0,,,,
2020-06-02,FI.N,flat_run,MEDIUM,23.0,,,,
2020-06-02,CTRA.N,flat_run,LOW,15.0,,,,
2020-06-03,FI.N,flat_run,LOW,10.0,,,,
2020-06-08,CZR.OQ,flat_run,LOW,17.0,,,,
2020-06-11,FI.N,flat_run,LOW,17.0,,,,
2020-06-15,FI.N,flat_run,LOW,11.0,,,,
2020-06-17,FI.N,flat_run,LOW,11.0,,,,
2020-06-18,CTRA.N,flat_run,LOW,10.0,,,,
2020-06-23,FI.N,flat_run,MEDIUM,27.0,,,,
2020-06-24,FI.N,flat_run,LOW,12.0,,,,
2020-06-25,FI.N,flat_run,LOW,15.0,,,,
2020-06-25,NVR.N,flat_run,LOW,11.0,,,,
2020-06-26,PCG.N,nan_or_zero_or_negative,HIGH,,,17.0,0.0,0.0
2020-06-26,PCG.N,flat_run,MEDIUM,26.0,,,,
2020-06-29,FI.N,flat_run,LOW,11.0,,,,
2020-06-30,CTRA.N,flat_run,LOW,10.0,,,,
2020-06-30,FI.N,flat_run,LOW,11.0,,,,
2020-07-02,FI.N,flat_run,MEDIUM,22.0,,,,
2020-07-06,CTRA.N,flat_run,LOW,10.0,,,,
2020-07-06,FI.N,flat_run,LOW,13.0,,,,
2020-07-07,FI.N,flat_run,LOW,17.0,,,,
2020-07-08,AMCR.N,flat_run,LOW,12.0,,,,
2020-07-09,CTRA.N,flat_run,LOW,10.0,,,,
2020-07-09,FI.N,flat_run,LOW,12.0,,,,
2020-07-10,FI.N,flat_run,MEDIUM,22.0,,,,
2020-07-10,CTRA.N,flat_run,LOW,10.0,,,,
2020-07-13,FI.N,flat_run,LOW,16.0,,,,
2020-07-13,NVR.N,flat_run,LOW,13.0,,,,
2020-07-14,FI.N,flat_run,MEDIUM,23.0,,,,
2020-07-14,CTRA.N,flat_run,LOW,11.0,,,,
2020-07-15,FI.N,flat_run,LOW,10.0,,,,
2020-07-16,CTRA.N,flat_run,LOW,14.0,,,,
2020-07-16,FI.N,flat_run,LOW,18.0,,,,
2020-07-17,FI.N,flat_run,MEDIUM,20.0,,,,
2020-07-20,AMCR.N,flat_run,MEDIUM,32.0,,,,
2020-07-20,CTRA.N,flat_run,LOW,16.0,,,,
2020-07-20,CZR.OQ,flat_run,LOW,12.0,,,,
2020-07-20,FI.N,flat_run,LOW,12.0,,,,
2020-07-20,GE.N,flat_run,LOW,15.0,,,,
2020-07-21,FI.N,flat_run,MEDIUM,22.0,,,,
2020-07-21,CTRA.N,flat_run,LOW,14.0,,,,
2020-07-22,GRMN.N,nan_or_zero_or_negative,HIGH,,,1.0,0.0,0.0
2020-07-22,CTRA.N,flat_run,LOW,13.0,,,,
2020-07-22,FI.N,flat_run,LOW,16.0,,,,
2020-07-22,NWSA.OQ,flat_run,LOW,19.0,,,,
2020-07-22,TDY.N,flat_run,LOW,10.0,,,,
2020-07-23,CTRA.N,flat_run,LOW,12.0,,,,
2020-07-23,FI.N,flat_run,LOW,11.0,,,,
2020-07-24,CTRA.N,flat_run,LOW,13.0,,,,
2020-07-24,FI.N,flat_run,LOW,13.0,,,,
2020-07-27,FI.N,flat_run,MEDIUM,29.0,,,,
2020-07-27,AMCR.N,flat_run,LOW,16.0,,,,
2020-07-27,CTRA.N,flat_run,LOW,11.0,,,,
2020-07-28,CTRA.N,flat_run,LOW,14.0,,,,
2020-07-28,FI.N,flat_run,LOW,14.0,,,,
2020-07-29,AMCR.N,flat_run,LOW,10.0,,,,
2020-07-29,CTRA.N,flat_run,LOW,15.0,,,,
2020-07-29,NWS.OQ,flat_run,LOW,14.0,,,,
2020-07-29,NWSA.OQ,flat_run,LOW,12.0,,,,
2020-07-31,AMCR.N,flat_run,LOW,13.0,,,,
2020-08-03,FI.N,flat_run,MEDIUM,29.0,,,,
2020-08-03,CTRA.N,flat_run,LOW,15.0,,,,
2020-08-04,AMCR.N,flat_run,LOW,16.0,,,,
2020-08-04,CTRA.N,flat_run,LOW,14.0,,,,
2020-08-04,FI.N,flat_run,LOW,12.0,,,,
2020-08-04,KEY.N,flat_run,LOW,13.0,,,,
2020-08-04,PCG.N,flat_run,LOW,10.0,,,,
2020-08-05,FI.N,flat_run,LOW,15.0,,,,
2020-08-06,AMCR.N,flat_run,LOW,11.0,,,,
2020-08-06,FI.N,flat_run,LOW,14.0,,,,
2020-08-07,AMCR.N,flat_run,LOW,11.0,,,,
2020-08-07,CTRA.N,flat_run,LOW,13.0,,,,
2020-08-07,FI.N,flat_run,LOW,11.0,,,,
2020-08-07,MTD.N,flat_run,LOW,10.0,,,,
2020-08-10,AMCR.N,flat_run,LOW,10.0,,,,
2020-08-11,FI.N,flat_run,LOW,13.0,,,,
2020-08-13,AMCR.N,flat_run,LOW,10.0,,,,
2020-08-13,CTRA.N,flat_run,LOW,15.0,,,,
2020-08-13,FI.N,flat_run,LOW,15.0,,,,
2020-08-13,NVR.N,flat_run,LOW,14.0,,,,
2020-08-14,AMCR.N,flat_run,LOW,13.0,,,,
2020-08-14,FI.N,flat_run,LOW,12.0,,,,
2020-08-14,MRO.N,flat_run,LOW,11.0,,,,
2020-08-17,FI.N,flat_run,MEDIUM,35.0,,,,
2020-08-17,AMCR.N,flat_run,LOW,13.0,,,,
2020-08-17,CTRA.N,flat_run,LOW,11.0,,,,
2020-08-17,GE.N,flat_run,LOW,13.0,,,,
2020-08-17,IPG.N,flat_run,LOW,14.0,,,,
2020-08-17,NVR.N,flat_run,LOW,10.0,,,,
2020-08-17,PCG.N,flat_run,LOW,10.0,,,,
2020-08-18,FI.N,flat_run,MEDIUM,23.0,,,,
2020-08-18,CTRA.N,flat_run,LOW,12.0,,,,
2020-08-18,PCG.N,flat_run,LOW,15.0,,,,
2020-08-19,FI.N,flat_run,LOW,10.0,,,,
2020-08-19,HPE.N,flat_run,LOW,10.0,,,,
2020-08-20,FI.N,flat_run,MEDIUM,22.0,,,,
2020-08-20,CTRA.N,flat_run,LOW,11.0,,,,
2020-08-21,AMCR.N,flat_run,LOW,13.0,,,,
2020-08-21,CTRA.N,flat_run,LOW,10.0,,,,
2020-08-21,F.N,flat_run,LOW,11.0,,,,
2020-08-21,FI.N,flat_run,LOW,14.0,,,,
2020-08-21,GE.N,flat_run,LOW,10.0,,,,
2020-08-24,AMCR.N,flat_run,LOW,10.0,,,,
2020-08-24,AZO.N,flat_run,LOW,10.0,,,,
2020-08-24,CTRA.N,flat_run,LOW,16.0,,,,
2020-08-24,FI.N,flat_run,LOW,15.0,,,,
2020-08-24,NWS.OQ,flat_run,LOW,10.0,,,,
2020-08-26,FI.N,flat_run,LOW,13.0,,,,
2020-08-27,F.N,flat_run,LOW,12.0,,,,
2020-08-27,FI.N,flat_run,LOW,16.0,,,,
2020-08-28,FI.N,flat_run,MEDIUM,32.0,,,,
2020-08-28,NWSA.OQ,flat_run,MEDIUM,22.0,,,,
2020-08-28,CTRA.N,flat_run,LOW,11.0,,,,
2020-08-28,NWS.OQ,flat_run,LOW,12.0,,,,
2020-08-31,FI.N,flat_run,MEDIUM,31.0,,,,
2020-08-31,AMCR.N,flat_run,LOW,13.0,,,,
2020-08-31,HPE.N,flat_run,LOW,12.0,,,,
2020-08-31,NWS.OQ,flat_run,LOW,14.0,,,,
2020-08-31,NWSA.OQ,flat_run,LOW,11.0,,,,
2020-09-01,AMCR.N,flat_run,LOW,13.0,,,,
2020-09-01,FI.N,flat_run,LOW,15.0,,,,
2020-09-01,NWS.OQ,flat_run,LOW,15.0,,,,
2020-09-01,NWSA.OQ,flat_run,LOW,10.0,,,,
2020-09-02,FI.N,flat_run,LOW,12.0,,,,
2020-09-03,CTRA.N,flat_run,LOW,13.0,,,,
2020-09-03,FI.N,flat_run,LOW,19.0,,,,
2020-09-04,CTRA.N,flat_run,LOW,11.0,,,,
2020-09-09,CTRA.N,flat_run,LOW,18.0,,,,
2020-09-09,FI.N,flat_run,LOW,17.0,,,,
2020-09-10,FI.N,flat_run,MEDIUM,23.0,,,,
2020-09-10,NVR.N,flat_run,LOW,12.0,,,,
2020-09-11,FI.N,flat_run,LOW,13.0,,,,
2020-09-11,NVR.N,flat_run,LOW,10.0,,,,
2020-09-14,ORCL.N,flat_run,MEDIUM,32.0,,,,
2020-09-14,CTRA.N,flat_run,LOW,14.0,,,,
2020-09-14,F.N,flat_run,LOW,10.0,,,,
2020-09-14,FI.N,flat_run,LOW,19.0,,,,
2020-09-15,FI.N,flat_run,MEDIUM,21.0,,,,
2020-09-15,NWS.OQ,flat_run,LOW,12.0,,,,
2020-09-16,AMCR.N,flat_run,LOW,12.0,,,,
2020-09-17,FI.N,flat_run,LOW,14.0,,,,
2020-09-21,FI.N,flat_run,LOW,15.0,,,,
2020-09-22,FI.N,flat_run,LOW,16.0,,,,
2020-09-23,FI.N,flat_run,LOW,13.0,,,,
2020-09-24,FI.N,flat_run,LOW,14.0,,,,
2020-09-25,FI.N,flat_run,LOW,13.0,,,,
2020-09-25,NVR.N,flat_run,LOW,10.0,,,,
2020-09-28,CTRA.N,flat_run,LOW,13.0,,,,
2020-09-28,FI.N,flat_run,LOW,16.0,,,,
2020-09-28,NVR.N,flat_run,LOW,19.0,,,,
2020-09-29,FI.N,flat_run,LOW,10.0,,,,
2020-09-29,HPE.N,flat_run,LOW,10.0,,,,
2020-09-30,CTRA.N,flat_run,LOW,19.0,,,,
2020-09-30,MRO.N,flat_run,LOW,12.0,,,,
2020-10-01,FI.N,flat_run,MEDIUM,26.0,,,,
2020-10-02,CTRA.N,flat_run,LOW,10.0,,,,
2020-10-02,FI.N,flat_run,LOW,17.0,,,,
2020-10-05,BIO.N,flat_run,LOW,12.0,,,,
2020-10-05,FI.N,flat_run,LOW,18.0,,,,
2020-10-05,GE.N,flat_run,LOW,14.0,,,,
2020-10-06,CTRA.N,flat_run,LOW,11.0,,,,
2020-10-06,FI.N,flat_run,LOW,17.0,,,,
2020-10-06,HPE.N,flat_run,LOW,10.0,,,,
2020-10-07,CTRA.N,flat_run,LOW,13.0,,,,
2020-10-07,FI.N,flat_run,LOW,16.0,,,,
2020-10-07,HPE.N,flat_run,LOW,10.0,,,,
2020-10-07,PCG.N,flat_run,LOW,15.0,,,,
2020-10-08,FI.N,flat_run,MEDIUM,33.0,,,,
2020-10-08,BIO.N,flat_run,LOW,11.0,,,,
2020-10-08,CTRA.N,flat_run,LOW,14.0,,,,
2020-10-09,FI.N,flat_run,LOW,13.0,,,,
2020-10-09,NVR.N,flat_run,LOW,11.0,,,,
2020-10-09,PCG.N,flat_run,LOW,11.0,,,,
2020-10-12,FI.N,flat_run,MEDIUM,24.0,,,,
2020-10-12,AMCR.N,flat_run,LOW,11.0,,,,
2020-10-12,CSGP.OQ,flat_run,LOW,12.0,,,,
2020-10-13,FI.N,flat_run,MEDIUM,22.0,,,,
2020-10-14,FI.N,flat_run,LOW,14.0,,,,
2020-10-15,FI.N,flat_run,MEDIUM,36.0,,,,
2020-10-15,BIO.N,flat_run,LOW,10.0,,,,
2020-10-15,CTRA.N,flat_run,LOW,14.0,,,,
2020-10-15,HPE.N,flat_run,LOW,11.0,,,,
2020-10-16,FI.N,flat_run,MEDIUM,41.0,,,,
2020-10-16,MRO.N,flat_run,LOW,13.0,,,,
2020-10-19,FI.N,flat_run,MEDIUM,52.0,,,,
2020-10-19,AZO.N,flat_run,LOW,13.0,,,,
2020-10-19,TECH.OQ,flat_run,LOW,11.0,,,,
2020-10-20,FI.N,flat_run,MEDIUM,21.0,,,,
2020-10-20,BIO.N,flat_run,LOW,15.0,,,,
2020-10-20,TECH.OQ,flat_run,LOW,10.0,,,,
2020-10-21,FI.N,flat_run,LOW,13.0,,,,
2020-10-22,FI.N,flat_run,MEDIUM,29.0,,,,
2020-10-22,BIO.N,flat_run,LOW,11.0,,,,
2020-10-22,NVR.N,flat_run,LOW,11.0,,,,
2020-10-23,FI.N,flat_run,LOW,11.0,,,,
2020-10-23,NVR.N,flat_run,LOW,11.0,,,,
2020-10-26,FI.N,flat_run,LOW,19.0,,,,
2020-10-27,FI.N,flat_run,MEDIUM,48.0,,,,
2020-10-27,PCG.N,flat_run,LOW,12.0,,,,
2020-10-28,FI.N,flat_run,MEDIUM,24.0,,,,
2020-10-28,CTRA.N,flat_run,LOW,18.0,,,,
2020-10-29,CTRA.N,flat_run,MEDIUM,24.0,,,,
2020-10-29,FI.N,flat_run,LOW,14.0,,,,
2020-10-30,CTRA.N,flat_run,LOW,12.0,,,,
2020-10-30,FI.N,flat_run,LOW,14.0,,,,
2020-11-02,FI.N,flat_run,LOW,12.0,,,,
2020-11-02,PCG.N,flat_run,LOW,10.0,,,,
2020-11-03,CTRA.N,flat_run,LOW,14.0,,,,
2020-11-03,FI.N,flat_run,LOW,17.0,,,,
2020-11-04,CTRA.N,flat_run,LOW,14.0,,,,
2020-11-04,FI.N,flat_run,LOW,16.0,,,,
2020-11-05,FI.N,flat_run,MEDIUM,33.0,,,,
2020-11-05,CTRA.N,flat_run,LOW,12.0,,,,
2020-11-06,FI.N,flat_run,LOW,18.0,,,,
2020-11-09,DG.N,nan_or_zero_or_negative,HIGH,,,1.0,0.0,0.0
2020-11-09,EQT.N,nan_or_zero_or_negative,HIGH,,,6.0,0.0,0.0
2020-11-09,IT.N,nan_or_zero_or_negative,HIGH,,,1.0,0.0,0.0
2020-11-09,ROK.N,nan_or_zero_or_negative,HIGH,,,2.0,0.0,0.0
2020-11-09,STT.N,nan_or_zero_or_negative,HIGH,,,1.0,0.0,0.0
2020-11-09,CTRA.N,flat_run,LOW,13.0,,,,
2020-11-09,FI.N,flat_run,LOW,12.0,,,,
2020-11-10,CTRA.N,flat_run,LOW,10.0,,,,
2020-11-11,CTRA.N,flat_run,LOW,13.0,,,,
2020-11-11,FI.N,flat_run,LOW,13.0,,,,
2020-11-11,NVR.N,flat_run,LOW,14.0,,,,
2020-11-12,CTRA.N,flat_run,LOW,13.0,,,,
2020-11-12,FI.N,flat_run,LOW,12.0,,,,
2020-11-12,HBAN.OQ,flat_run,LOW,11.0,,,,
2020-11-12,HPE.N,flat_run,LOW,10.0,,,,
2020-11-13,AMCR.N,flat_run,LOW,13.0,,,,
2020-11-13,FI.N,flat_run,LOW,19.0,,,,
2020-11-16,CTRA.N,flat_run,LOW,10.0,,,,
2020-11-16,FI.N,flat_run,LOW,13.0,,,,
2020-11-17,FI.N,flat_run,MEDIUM,27.0,,,,
2020-11-17,CTRA.N,flat_run,LOW,14.0,,,,
2020-11-18,AMCR.N,flat_run,LOW,16.0,,,,
2020-11-18,IPG.N,flat_run,LOW,12.0,,,,
2020-11-19,CTRA.N,flat_run,LOW,10.0,,,,
2020-11-19,FI.N,flat_run,LOW,12.0,,,,
2020-11-20,FI.N,flat_run,MEDIUM,28.0,,,,
2020-11-20,CTRA.N,flat_run,LOW,18.0,,,,
2020-11-20,HST.OQ,flat_run,LOW,10.0,,,,
2020-11-20,NVR.N,flat_run,LOW,10.0,,,,
2020-11-23,CTRA.N,flat_run,LOW,15.0,,,,
2020-11-23,FI.N,flat_run,LOW,16.0,,,,
2020-11-24,CTRA.N,flat_run,LOW,14.0,,,,
2020-11-24,FI.N,flat_run,LOW,10.0,,,,
2020-11-25,FI.N,flat_run,MEDIUM,22.0,,,,
2020-11-25,CTRA.N,flat_run,LOW,12.0,,,,
2020-11-30,CTRA.N,flat_run,LOW,11.0,,,,
2020-11-30,FI.N,flat_run,LOW,10.0,,,,
2020-12-01,FI.N,flat_run,MEDIUM,25.0,,,,
2020-12-01,CTRA.N,flat_run,LOW,12.0,,,,
2020-12-03,CTRA.N,flat_run,LOW,10.0,,,,
2020-12-04,BIO.N,flat_run,LOW,10.0,,,,
2020-12-04,CTRA.N,flat_run,LOW,10.0,,,,
2020-12-07,CTRA.N,flat_run,LOW,12.0,,,,
2020-12-07,NVR.N,flat_run,LOW,11.0,,,,
2020-12-08,F.N,flat_run,LOW,11.0,,,,
2020-12-10,ABNB.OQ,nan_or_zero_or_negative,HIGH,,,24.0,0.0,0.0
2020-12-10,ABNB.OQ,flat_run,MEDIUM,60.0,,,,
2020-12-10,ABNB.OQ,extreme_jump,MEDIUM,,1.0,,,
2020-12-11,F.N,flat_run,LOW,10.0,,,,
2020-12-14,FI.N,flat_run,LOW,10.0,,,,
2020-12-14,NVR.N,flat_run,LOW,12.0,,,,
2020-12-16,BIO.N,flat_run,LOW,11.0,,,,
2020-12-16,CTRA.N,flat_run,LOW,13.0,,,,
2020-12-16,FI.N,flat_run,LOW,11.0,,,,
2020-12-17,FI.N,flat_run,LOW,10.0,,,,
2020-12-17,PCG.N,flat_run,LOW,11.0,,,,
2020-12-18,FI.N,flat_run,MEDIUM,22.0,,,,
2020-12-18,F.N,flat_run,LOW,10.0,,,,
2020-12-21,CTRA.N,flat_run,LOW,15.0,,,,
2020-12-21,FI.N,flat_run,LOW,13.0,,,,
2020-12-22,CTRA.N,flat_run,LOW,14.0,,,,
2020-12-23,AMCR.N,flat_run,LOW,10.0,,,,
2020-12-23,CTRA.N,flat_run,LOW,15.0,,,,
2020-12-23,FI.N,flat_run,LOW,13.0,,,,
2020-12-23,GE.N,flat_run,LOW,10.0,,,,
2020-12-23,HPE.N,flat_run,LOW,11.0,,,,
2020-12-28,AMCR.N,flat_run,LOW,11.0,,,,
2020-12-28,CTRA.N,flat_run,LOW,11.0,,,,
2020-12-28,F.N,flat_run,LOW,10.0,,,,
2020-12-28,FI.N,flat_run,LOW,11.0,,,,
2020-12-28,HPE.N,flat_run,LOW,12.0,,,,
2020-12-28,HUBB.N,flat_run,LOW,11.0,,,,
2020-12-29,FI.N,flat_run,MEDIUM,22.0,,,,
2020-12-29,GE.N,flat_run,LOW,10.0,,,,
2020-12-29,NVR.N,flat_run,LOW,13.0,,,,
2020-12-29,TECH.OQ,flat_run,LOW,12.0,,,,
2020-12-30,CTRA.N,flat_run,MEDIUM,20.0,,,,
2020-12-30,FI.N,flat_run,LOW,11.0,,,,
2020-12-30,GE.N,flat_run,LOW,10.0,,,,
2020-12-31,AMCR.N,flat_run,LOW,12.0,,,,
2020-12-31,CTRA.N,flat_run,LOW,15.0,,,,
2020-12-31,F.N,flat_run,LOW,10.0,,,,
2020-12-31,FI.N,flat_run,LOW,18.0,,,,
2021-01-04,FI.N,flat_run,LOW,13.0,,,,
2021-01-05,AMCR.N,flat_run,LOW,14.0,,,,
2021-01-05,CTRA.N,flat_run,LOW,14.0,,,,
2021-01-06,CTRA.N,flat_run,LOW,14.0,,,,
2021-01-08,FI.N,flat_run,LOW,17.0,,,,
2021-01-08,PCG.N,flat_run,LOW,10.0,,,,
2021-01-11,FI.N,flat_run,LOW,10.0,,,,
2021-01-12,CTRA.N,flat_run,LOW,14.0,,,,
2021-01-12,FI.N,flat_run,LOW,11.0,,,,
2021-01-13,AMCR.N,flat_run,LOW,11.0,,,,
2021-01-13,CTRA.N,flat_run,LOW,13.0,,,,
2021-01-13,PCG.N,flat_run,LOW,11.0,,,,
2021-01-14,CTRA.N,flat_run,LOW,14.0,,,,
2021-01-14,FI.N,flat_run,LOW,12.0,,,,
2021-01-15,CTRA.N,flat_run,LOW,17.0,,,,
2021-01-15,FI.N,flat_run,LOW,17.0,,,,
2021-01-19,AMCR.N,flat_run,LOW,11.0,,,,
2021-01-19,FI.N,flat_run,LOW,10.0,,,,
2021-01-19,PCG.N,flat_run,LOW,13.0,,,,
2021-01-21,CTRA.N,flat_run,LOW,14.0,,,,
2021-01-21,GE.N,flat_run,LOW,10.0,,,,
2021-01-22,CTRA.N,flat_run,MEDIUM,22.0,,,,
2021-01-22,FI.N,flat_run,LOW,10.0,,,,
2021-01-25,CTRA.N,flat_run,LOW,14.0,,,,
2021-01-25,FI.N,flat_run,LOW,13.0,,,,
2021-01-26,CTRA.N,flat_run,LOW,14.0,,,,
2021-01-26,FI.N,flat_run,LOW,16.0,,,,
2021-01-27,AMCR.N,nan_or_zero_or_negative,HIGH,,,1.0,0.0,0.0
2021-01-28,CTRA.N,flat_run,LOW,11.0,,,,
2021-01-29,CTRA.N,flat_run,LOW,15.0,,,,
2021-02-01,CTRA.N,flat_run,LOW,14.0,,,,
2021-02-03,FI.N,flat_run,LOW,11.0,,,,
2021-02-03,PCG.N,flat_run,LOW,13.0,,,,
2021-02-04,FI.N,flat_run,LOW,12.0,,,,
2021-02-05,FI.N,flat_run,LOW,18.0,,,,
2021-02-05,PCG.N,flat_run,LOW,10.0,,,,
2021-02-08,AMCR.N,flat_run,LOW,15.0,,,,
2021-02-08,FI.N,flat_run,LOW,12.0,,,,
2021-02-08,PCG.N,flat_run,LOW,10.0,,,,
2021-02-09,FI.N,flat_run,LOW,15.0,,,,
2021-02-11,FI.N,flat_run,LOW,11.0,,,,
2021-02-12,AEE.N,nan_or_zero_or_negative,HIGH,,,0.0,16.0,0.0
2021-02-12,FI.N,flat_run,LOW,15.0,,,,
2021-02-12,AEE.N,extreme_jump,MEDIUM,,2.0,,,
2021-02-18,FI.N,flat_run,LOW,14.0,,,,
2021-02-19,FI.N,flat_run,LOW,12.0,,,,
2021-02-19,PCG.N,flat_run,LOW,11.0,,,,
2021-02-24,NVR.N,flat_run,LOW,14.0,,,,
2021-03-02,FICO.N,flat_run,LOW,10.0,,,,
2021-03-03,AMCR.N,flat_run,LOW,12.0,,,,
2021-03-09,PCG.N,flat_run,LOW,10.0,,,,
2021-03-17,BIO.N,flat_run,LOW,14.0,,,,
2021-03-22,AMCR.N,flat_run,LOW,10.0,,,,
2021-03-31,FI.N,flat_run,LOW,11.0,,,,
2021-03-31,TFX.N,flat_run,LOW,10.0,,,,
2021-04-09,AMCR.N,flat_run,LOW,11.0,,,,
2021-04-12,PCG.N,flat_run,LOW,13.0,,,,
2021-04-12,VTRS.OQ,flat_run,LOW,13.0,,,,
2021-04-13,FI.N,flat_run,LOW,13.0,,,,
2021-04-13,NVR.N,flat_run,LOW,10.0,,,,
2021-04-15,AMCR.N,flat_run,LOW,12.0,,,,
2021-04-15,FI.N,flat_run,LOW,10.0,,,,
2021-04-15,PCG.N,flat_run,LOW,10.0,,,,
2021-04-16,FI.N,flat_run,LOW,15.0,,,,
2021-04-16,PCG.N,flat_run,LOW,10.0,,,,
2021-04-19,AMCR.N,flat_run,LOW,10.0,,,,
2021-04-20,FI.N,flat_run,LOW,12.0,,,,
2021-04-20,NVR.N,flat_run,LOW,10.0,,,,
2021-04-21,AMCR.N,flat_run,LOW,14.0,,,,
2021-04-21,FI.N,flat_run,LOW,10.0,,,,
2021-04-23,AMCR.N,flat_run,LOW,15.0,,,,
2021-04-23,PCG.N,flat_run,LOW,11.0,,,,
2021-04-23,VTRS.OQ,flat_run,LOW,12.0,,,,
2021-04-26,AMCR.N,flat_run,LOW,12.0,,,,
2021-04-26,FI.N,flat_run,LOW,14.0,,,,
2021-04-26,PCG.N,flat_run,LOW,12.0,,,,
2021-04-27,FI.N,flat_run,LOW,16.0,,,,
2021-04-27,NVR.N,flat_run,LOW,11.0,,,,
2021-04-28,AMCR.N,flat_run,LOW,18.0,,,,
2021-04-28,NWS.OQ,flat_run,LOW,13.0,,,,
2021-04-28,PCG.N,flat_run,LOW,10.0,,,,
2021-04-29,NVR.N,flat_run,LOW,12.0,,,,
2021-04-30,AMCR.N,flat_run,LOW,10.0,,,,
2021-05-05,A.N,nan_or_zero_or_negative,HIGH,,,0.0,3.0,0.0
2021-05-05,ABBV.N,nan_or_zero_or_negative,HIGH,,,0.0,3.0,0.0
2021-05-05,ABT.N,nan_or_zero_or_negative,HIGH,,,0.0,3.0,0.0
2021-05-05,ACN.N,nan_or_zero_or_negative,HIGH,,,0.0,3.0,0.0
2021-05-05,ADM.N,nan_or_zero_or_negative,HIGH,,,0.0,3.0,0.0
2021-05-05,AEE.N,nan_or_zero_or_negative,HIGH,,,0.0,3.0,0.0
2021-05-05,AES.N,nan_or_zero_or_negative,HIGH,,,0.0,3.0,0.0
2021-05-05,AFL.N,nan_or_zero_or_negative,HIGH,,,0.0,3.0,0.0
2021-05-05,AIG.N,nan_or_zero_or_negative,HIGH,,,0.0,3.0,0.0
2021-05-05,AIZ.N,nan_or_zero_or_negative,HIGH,,,0.0,3.0,0.0
2021-05-05,AJG.N,nan_or_zero_or_negative,HIGH,,,0.0,3.0,0.0
2021-05-05,ALB.N,nan_or_zero_or_negative,HIGH,,,0.0,3.0,0.0
2021-05-05,ALK.N,nan_or_zero_or_negative,HIGH,,,0.0,3.0,0.0
2021-05-05,ALL.N,nan_or_zero_or_negative,HIGH,,,0.0,3.0,0.0
2021-05-05,ALLE.N,nan_or_zero_or_negative,HIGH,,,0.0,3.0,0.0
2021-05-05,AMCR.N,nan_or_zero_or_negative,HIGH,,,0.0,3.0,0.0
2021-05-05,AME.N,nan_or_zero_or_negative,HIGH,,,0.0,3.0,0.0
2021-05-05,AMP.N,nan_or_zero_or_negative,HIGH,,,0.0,3.0,0.0
2021-05-05,AMT.N,nan_or_zero_or_negative,HIGH,,,0.0,3.0,0.0
2021-05-05,ANET.N,nan_or_zero_or_negative,HIGH,,,0.0,3.0,0.0
2021-05-05,AON.N,nan_or_zero_or_negative,HIGH,,,0.0,3.0,0.0
2021-05-05,AOS.N,nan_or_zero_or_negative,HIGH,,,0.0,3.0,0.0
2021-05-05,APD.N,nan_or_zero_or_negative,HIGH,,,0.0,3.0,0.0
2021-05-05,APH.N,nan_or_zero_or_negative,HIGH,,,0.0,3.0,0.0
2021-05-05,APTV.N,nan_or_zero_or_negative,HIGH,,,0.0,3.0,0.0
2021-05-05,ARE.N,nan_or_zero_or_negative,HIGH,,,0.0,3.0,0.0
2021-05-05,ATO.N,nan_or_zero_or_negative,HIGH,,,0.0,3.0,0.0
2021-05-05,AVB.N,nan_or_zero_or_negative,HIGH,,,0.0,3.0,0.0
2021-05-05,AVY.N,nan_or_zero_or_negative,HIGH,,,0.0,3.0,0.0
2021-05-05,AWK.N,nan_or_zero_or_negative,HIGH,,,0.0,3.0,0.0
2021-05-05,AXP.N,nan_or_zero_or_negative,HIGH,,,0.0,3.0,0.0
2021-05-05,AZO.N,nan_or_zero_or_negative,HIGH,,,0.0,3.0,0.0
2021-05-05,BA.N,nan_or_zero_or_negative,HIGH,,,0.0,3.0,0.0
2021-05-05,BAC.N,nan_or_zero_or_negative,HIGH,,,0.0,3.0,0.0
2021-05-05,BAX.N,nan_or_zero_or_negative,HIGH,,,0.0,3.0,0.0
2021-05-05,BBY.N,nan_or_zero_or_negative,HIGH,,,0.0,3.0,0.0
2021-05-05,BDX.N,nan_or_zero_or_negative,HIGH,,,0.0,3.0,0.0
2021-05-05,BEN.N,nan_or_zero_or_negative,HIGH,,,0.0,3.0,0.0
2021-05-05,BFb.N,nan_or_zero_or_negative,HIGH,,,0.0,3.0,0.0
2021-05-05,BG.N,nan_or_zero_or_negative,HIGH,,,0.0,3.0,0.0
2021-05-05,BIO.N,nan_or_zero_or_negative,HIGH,,,0.0,3.0,0.0
2021-05-05,BK.N,nan_or_zero_or_negative,HIGH,,,0.0,3.0,0.0
2021-05-05,BLK.N,nan_or_zero_or_negative,HIGH,,,0.0,3.0,0.0
2021-05-05,BMY.N,nan_or_zero_or_negative,HIGH,,,0.0,3.0,0.0
2021-05-05,BR.N,nan_or_zero_or_negative,HIGH,,,0.0,3.0,0.0
2021-05-05,BRKb.N,nan_or_zero_or_negative,HIGH,,,0.0,3.0,0.0
2021-05-05,BRO.N,nan_or_zero_or_negative,HIGH,,,0.0,3.0,0.0
2021-05-05,BSX.N,nan_or_zero_or_negative,HIGH,,,0.0,3.0,0.0
2021-05-05,BWA.N,nan_or_zero_or_negative,HIGH,,,0.0,3.0,0.0
2021-05-05,BX.N,nan_or_zero_or_negative,HIGH,,,0.0,3.0,0.0
2021-05-05,BXP.N,nan_or_zero_or_negative,HIGH,,,0.0,3.0,0.0
2021-05-05,C.N,nan_or_zero_or_negative,HIGH,,,0.0,3.0,0.0
2021-05-05,CAG.N,nan_or_zero_or_negative,HIGH,,,0.0,3.0,0.0
2021-05-05,CAH.N,nan_or_zero_or_negative,HIGH,,,0.0,3.0,0.0
2021-05-05,CARR.N,nan_or_zero_or_negative,HIGH,,,0.0,3.0,0.0
2021-05-05,CAT.N,nan_or_zero_or_negative,HIGH,,,0.0,3.0,0.0
2021-05-05,CB.N,nan_or_zero_or_negative,HIGH,,,0.0,3.0,0.0
2021-05-05,CBOE.Z,nan_or_zero_or_negative,HIGH,,,0.0,3.0,0.0
2021-05-05,CBRE.N,nan_or_zero_or_negative,HIGH,,,0.0,3.0,0.0
2021-05-05,CCI.N,nan_or_zero_or_negative,HIGH,,,0.0,3.0,0.0
2021-05-05,CCL.N,nan_or_zero_or_negative,HIGH,,,0.0,3.0,0.0
2021-05-05,CDAY.N,nan_or_zero_or_negative,HIGH,,,0.0,3.0,0.0
2021-05-05,CE.N,nan_or_zero_or_negative,HIGH,,,0.0,3.0,0.0
2021-05-05,CF.N,nan_or_zero_or_negative,HIGH,,,0.0,3.0,0.0
2021-05-05,CFG.N,nan_or_zero_or_negative,HIGH,,,0.0,3.0,0.0
2021-05-05,CHD.N,nan_or_zero_or_negative,HIGH,,,0.0,3.0,0.0
2021-05-05,CI.N,nan_or_zero_or_negative,HIGH,,,0.0,3.0,0.0
2021-05-05,CL.N,nan_or_zero_or_negative,HIGH,,,0.0,3.0,0.0
2021-05-05,CLX.N,nan_or_zero_or_negative,HIGH,,,0.0,3.0,0.0
2021-05-05,CMA.N,nan_or_zero_or_negative,HIGH,,,0.0,3.0,0.0
2021-05-05,CMG.N,nan_or_zero_or_negative,HIGH,,,0.0,3.0,0.0
2021-05-05,CMI.N,nan_or_zero_or_negative,HIGH,,,0.0,3.0,0.0
2021-05-05,CMS.N,nan_or_zero_or_negative,HIGH,,,0.0,3.0,0.0
2021-05-05,CNC.N,nan_or_zero_or_negative,HIGH,,,0.0,3.0,0.0
2021-05-05,CNP.N,nan_or_zero_or_negative,HIGH,,,0.0,3.0,0.0
2021-05-05,COF.N,nan_or_zero_or_negative,HIGH,,,0.0,3.0,0.0
2021-05-05,COP.N,nan_or_zero_or_negative,HIGH,,,0.0,3.0,0.0
2021-05-05,COR.N,nan_or_zero_or_negative,HIGH,,,0.0,3.0,0.0
2021-05-05,CPB.N,nan_or_zero_or_negative,HIGH,,,0.0,3.0,0.0
2021-05-05,CPT.N,nan_or_zero_or_negative,HIGH,,,0.0,3.0,0.0
2021-05-05,CRL.N,nan_or_zero_or_negative,HIGH,,,0.0,3.0,0.0
2021-05-05,CRM.N,nan_or_zero_or_negative,HIGH,,,0.0,3.0,0.0
2021-05-05,CTLT.N,nan_or_zero_or_negative,HIGH,,,0.0,3.0,0.0
2021-05-05,CTVA.N,nan_or_zero_or_negative,HIGH,,,0.0,3.0,0.0
2021-05-05,CVS.N,nan_or_zero_or_negative,HIGH,,,0.0,3.0,0.0
2021-05-05,CVX.N,nan_or_zero_or_negative,HIGH,,,0.0,3.0,0.0
2021-05-05,D.N,nan_or_zero_or_negative,HIGH,,,0.0,3.0,0.0
2021-05-05,DAL.N,nan_or_zero_or_negative,HIGH,,,0.0,3.0,0.0
2021-05-05,DD.N,nan_or_zero_or_negative,HIGH,,,0.0,3.0,0.0
2021-05-05,DE.N,nan_or_zero_or_negative,HIGH,,,0.0,3.0,0.0
2021-05-05,DFS.N,nan_or_zero_or_negative,HIGH,,,0.0,3.0,0.0
2021-05-05,DG.N,nan_or_zero_or_negative,HIGH,,,0.0,3.0,0.0
2021-05-05,DGX.N,nan_or_zero_or_negative,HIGH,,,0.0,3.0,0.0
2021-05-05,DHI.N,nan_or_zero_or_negative,HIGH,,,0.0,3.0,0.0
2021-05-05,DHR.N,nan_or_zero_or_negative,HIGH,,,0.0,3.0,0.0
2021-05-05,DIS.N,nan_or_zero_or_negative,HIGH,,,0.0,3.0,0.0
2021-05-05,DLR.N,nan_or_zero_or_negative,HIGH,,,0.0,3.0,0.0
2021-05-05,DOV.N,nan_or_zero_or_negative,HIGH,,,0.0,3.0,0.0
2021-05-05,DOW.N,nan_or_zero_or_negative,HIGH,,,0.0,3.0,0.0
2021-05-05,DPZ.N,nan_or_zero_or_negative,HIGH,,,0.0,3.0,0.0
2021-05-05,DRI.N,nan_or_zero_or_negative,HIGH,,,0.0,3.0,0.0
2021-05-05,DTE.N,nan_or_zero_or_negative,HIGH,,,0.0,3.0,0.0
2021-05-05,DUK.N,nan_or_zero_or_negative,HIGH,,,0.0,3.0,0.0
2021-05-05,DVA.N,nan_or_zero_or_negative,HIGH,,,0.0,3.0,0.0
2021-05-05,DVN.N,nan_or_zero_or_negative,HIGH,,,0.0,3.0,0.0
2021-05-05,ECL.N,nan_or_zero_or_negative,HIGH,,,0.0,3.0,0.0
2021-05-05,ED.N,nan_or_zero_or_negative,HIGH,,,0.0,3.0,0.0
2021-05-05,EFX.N,nan_or_zero_or_negative,HIGH,,,0.0,3.0,0.0
2021-05-05,EIX.N,nan_or_zero_or_negative,HIGH,,,0.0,3.0,0.0
2021-05-05,EL.N,nan_or_zero_or_negative,HIGH,,,0.0,3.0,0.0
2021-05-05,EMN.N,nan_or_zero_or_negative,HIGH,,,0.0,3.0,0.0
2021-05-05,EMR.N,nan_or_zero_or_negative,HIGH,,,0.0,3.0,0.0
2021-05-05,EOG.N,nan_or_zero_or_negative,HIGH,,,0.0,3.0,0.0
2021-05-05,EPAM.N,nan_or_zero_or_negative,HIGH,,,0.0,3.0,0.0
2021-05-05,EQR.N,nan_or_zero_or_negative,HIGH,,,0.0,3.0,0.0
2021-05-05,EQT.N,nan_or_zero_or_negative,HIGH,,,0.0,3.0,0.0
2021-05-05,ES.N,nan_or_zero_or_negative,HIGH,,,0.0,3.0,0.0
2021-05-05,ESS.N,nan_or_zero_or_negative,HIGH,,,0.0,3.0,0.0
2021-05-05,ETN.N,nan_or_zero_or_negative,HIGH,,,0.0,3.0,0.0
2021-05-05,ETR.N,nan_or_zero_or_negative,HIGH,,,0.0,3.0,0.0
2021-05-05,EW.N,nan_or_zero_or_negative,HIGH,,,0.0,3.0,0.0
2021-05-05,EXR.N,nan_or_zero_or_negative,HIGH,,,0.0,3.0,0.0
2021-05-05,F.N,nan_or_zero_or_negative,HIGH,,,0.0,3.0,0.0
2021-05-05,FCX.N,nan_or_zero_or_negative,HIGH,,,0.0,3.0,0.0
2021-05-05,FDS.N,nan_or_zero_or_negative,HIGH,,,0.0,3.0,0.0
2021-05-05,FDX.N,nan_or_zero_or_negative,HIGH,,,0.0,3.0,0.0
2021-05-05,FE.N,nan_or_zero_or_negative,HIGH,,,0.0,3.0,0.0
2021-05-05,FI.N,nan_or_zero_or_negative,HIGH,,,0.0,3.0,0.0
2021-05-05,FICO.N,nan_or_zero_or_negative,HIGH,,,0.0,3.0,0.0
2021-05-05,FIS.N,nan_or_zero_or_negative,HIGH,,,0.0,3.0,0.0
2021-05-05,FLT.N,nan_or_zero_or_negative,HIGH,,,0.0,3.0,0.0
2021-05-05,FMC.N,nan_or_zero_or_negative,HIGH,,,0.0,3.0,0.0
2021-05-05,FRT.N,nan_or_zero_or_negative,HIGH,,,0.0,3.0,0.0
2021-05-05,FTV.N,nan_or_zero_or_negative,HIGH,,,0.0,3.0,0.0
2021-05-05,GD.N,nan_or_zero_or_negative,HIGH,,,0.0,3.0,0.0
2021-05-05,GE.N,nan_or_zero_or_negative,HIGH,,,0.0,3.0,0.0
2021-05-05,GIS.N,nan_or_zero_or_negative,HIGH,,,0.0,3.0,0.0
2021-05-05,GL.N,nan_or_zero_or_negative,HIGH,,,0.0,3.0,0.0
2021-05-05,GLW.N,nan_or_zero_or_negative,HIGH,,,0.0,3.0,0.0
2021-05-05,GM.N,nan_or_zero_or_negative,HIGH,,,0.0,3.0,0.0
2021-05-05,GNRC.N,nan_or_zero_or_negative,HIGH,,,0.0,3.0,0.0
2021-05-05,GPC.N,nan_or_zero_or_negative,HIGH,,,0.0,3.0,0.0
2021-05-05,GPN.N,nan_or_zero_or_negative,HIGH,,,0.0,3.0,0.0
2021-05-05,GS.N,nan_or_zero_or_negative,HIGH,,,0.0,3.0,0.0
2021-05-05,GWW.N,nan_or_zero_or_negative,HIGH,,,0.0,3.0,0.0
2021-05-05,HAL.N,nan_or_zero_or_negative,HIGH,,,0.0,3.0,0.0
2021-05-05,HCA.N,nan_or_zero_or_negative,HIGH,,,0.0,3.0,0.0
2021-05-05,HD.N,nan_or_zero_or_negative,HIGH,,,0.0,3.0,0.0
2021-05-05,HES.N,nan_or_zero_or_negative,HIGH,,,0.0,3.0,0.0
2021-05-05,HIG.N,nan_or_zero_or_negative,HIGH,,,0.0,3.0,0.0
2021-05-05,HII.N,nan_or_zero_or_negative,HIGH,,,0.0,3.0,0.0
2021-05-05,HLT.N,nan_or_zero_or_negative,HIGH,,,0.0,3.0,0.0
2021-05-05,HPE.N,nan_or_zero_or_negative,HIGH,,,0.0,3.0,0.0
2021-05-05,HPQ.N,nan_or_zero_or_negative,HIGH,,,0.0,3.0,0.0
2021-05-05,HRL.N,nan_or_zero_or_negative,HIGH,,,0.0,3.0,0.0
2021-05-05,HSY.N,nan_or_zero_or_negative,HIGH,,,0.0,3.0,0.0
2021-05-05,HUBB.N,nan_or_zero_or_negative,HIGH,,,0.0,3.0,0.0
2021-05-05,HUM.N,nan_or_zero_or_negative,HIGH,,,0.0,3.0,0.0
2021-05-05,HWM.N,nan_or_zero_or_negative,HIGH,,,0.0,3.0,0.0
2021-05-05,IBM.N,nan_or_zero_or_negative,HIGH,,,0.0,3.0,0.0
2021-05-05,ICE.N,nan_or_zero_or_negative,HIGH,,,0.0,3.0,0.0
2021-05-05,IEX.N,nan_or_zero_or_negative,HIGH,,,0.0,3.0,0.0
2021-05-05,IFF.N,nan_or_zero_or_negative,HIGH,,,0.0,3.0,0.0
2021-05-05,INVH.N,nan_or_zero_or_negative,HIGH,,,0.0,3.0,0.0
2021-05-05,IP.N,nan_or_zero_or_negative,HIGH,,,0.0,3.0,0.0
2021-05-05,IPG.N,nan_or_zero_or_negative,HIGH,,,0.0,3.0,0.0
2021-05-05,IQV.N,nan_or_zero_or_negative,HIGH,,,0.0,3.0,0.0
2021-05-05,IR.N,nan_or_zero_or_negative,HIGH,,,0.0,3.0,0.0
2021-05-05,IRM.N,nan_or_zero_or_negative,HIGH,,,0.0,3.0,0.0
2021-05-05,IT.N,nan_or_zero_or_negative,HIGH,,,0.0,3.0,0.0
2021-05-05,ITW.N,nan_or_zero_or_negative,HIGH,,,0.0,3.0,0.0
2021-05-05,IVZ.N,nan_or_zero_or_negative,HIGH,,,0.0,3.0,0.0
2021-05-05,J.N,nan_or_zero_or_negative,HIGH,,,0.0,3.0,0.0
2021-05-05,JCI.N,nan_or_zero_or_negative,HIGH,,,0.0,3.0,0.0
2021-05-05,JNJ.N,nan_or_zero_or_negative,HIGH,,,0.0,3.0,0.0
2021-05-05,JNPR.N,nan_or_zero_or_negative,HIGH,,,0.0,3.0,0.0
2021-05-05,JPM.N,nan_or_zero_or_negative,HIGH,,,0.0,3.0,0.0
2021-05-05,K.N,nan_or_zero_or_negative,HIGH,,,0.0,3.0,0.0
2021-05-05,KEY.N,nan_or_zero_or_negative,HIGH,,,0.0,3.0,0.0
2021-05-05,KEYS.N,nan_or_zero_or_negative,HIGH,,,0.0,3.0,0.0
2021-05-05,KIM.N,nan_or_zero_or_negative,HIGH,,,0.0,3.0,0.0
2021-05-05,KMB.N,nan_or_zero_or_negative,HIGH,,,0.0,3.0,0.0
2021-05-05,KMI.N,nan_or_zero_or_negative,HIGH,,,0.0,3.0,0.0
2021-05-05,KMX.N,nan_or_zero_or_negative,HIGH,,,0.0,3.0,0.0
2021-05-05,KO.N,nan_or_zero_or_negative,HIGH,,,0.0,3.0,0.0
2021-05-05,KR.N,nan_or_zero_or_negative,HIGH,,,0.0,3.0,0.0
2021-05-05,L.N,nan_or_zero_or_negative,HIGH,,,0.0,3.0,0.0
2021-05-05,LDOS.N,nan_or_zero_or_negative,HIGH,,,0.0,3.0,0.0
2021-05-05,LEN.N,nan_or_zero_or_negative,HIGH,,,0.0,3.0,0.0
2021-05-05,LH.N,nan_or_zero_or_negative,HIGH,,,0.0,3.0,0.0
2021-05-05,LHX.N,nan_or_zero_or_negative,HIGH,,,0.0,3.0,0.0
2021-05-05,LIN.N,nan_or_zero_or_negative,HIGH,,,0.0,3.0,0.0
2021-05-05,LLY.N,nan_or_zero_or_negative,HIGH,,,0.0,3.0,0.0
2021-05-05,LMT.N,nan_or_zero_or_negative,HIGH,,,0.0,3.0,0.0
2021-05-05,LOW.N,nan_or_zero_or_negative,HIGH,,,0.0,3.0,0.0
2021-05-05,LUV.N,nan_or_zero_or_negative,HIGH,,,0.0,3.0,0.0
2021-05-05,LVS.N,nan_or_zero_or_negative,HIGH,,,0.0,3.0,0.0
2021-05-05,LW.N,nan_or_zero_or_negative,HIGH,,,0.0,3.0,0.0
2021-05-05,LYB.N,nan_or_zero_or_negative,HIGH,,,0.0,3.0,0.0
2021-05-05,LYV.N,nan_or_zero_or_negative,HIGH,,,0.0,3.0,0.0
2021-05-05,MA.N,nan_or_zero_or_negative,HIGH,,,0.0,3.0,0.0
2021-05-05,MAA.N,nan_or_zero_or_negative,HIGH,,,0.0,3.0,0.0
2021-05-05,MAS.N,nan_or_zero_or_negative,HIGH,,,0.0,3.0,0.0
2021-05-05,MCD.N,nan_or_zero_or_negative,HIGH,,,0.0,3.0,0.0
2021-05-05,MCK.N,nan_or_zero_or_negative,HIGH,,,0.0,3.0,0.0
2021-05-05,MCO.N,nan_or_zero_or_negative,HIGH,,,0.0,3.0,0.0
2021-05-05,MDT.N,nan_or_zero_or_negative,HIGH,,,0.0,3.0,0.0
2021-05-05,MET.N,nan_or_zero_or_negative,HIGH,,,0.0,3.0,0.0
2021-05-05,MGM.N,nan_or_zero_or_negative,HIGH,,,0.0,3.0,0.0
2021-05-05,MHK.N,nan_or_zero_or_negative,HIGH,,,0.0,3.0,0.0
2021-05-05,MKC.N,nan_or_zero_or_negative,HIGH,,,0.0,3.0,0.0
2021-05-05,MLM.N,nan_or_zero_or_negative,HIGH,,,0.0,3.0,0.0
2021-05-05,MMC.N,nan_or_zero_or_negative,HIGH,,,0.0,3.0,0.0
2021-05-05,MMM.N,nan_or_zero_or_negative,HIGH,,,0.0,3.0,0.0
2021-05-05,MO.N,nan_or_zero_or_negative,HIGH,,,0.0,3.0,0.0
2021-05-05,MOH.N,nan_or_zero_or_negative,HIGH,,,0.0,3.0,0.0
2021-05-05,MOS.N,nan_or_zero_or_negative,HIGH,,,0.0,3.0,0.0
2021-05-05,MPC.N,nan_or_zero_or_negative,HIGH,,,0.0,3.0,0.0
2021-05-05,MRK.N,nan_or_zero_or_negative,HIGH,,,0.0,3.0,0.0
2021-05-05,MRO.N,nan_or_zero_or_negative,HIGH,,,0.0,3.0,0.0
2021-05-05,MS.N,nan_or_zero_or_negative,HIGH,,,0.0,3.0,0.0
2021-05-05,MSCI.N,nan_or_zero_or_negative,HIGH,,,0.0,3.0,0.0
2021-05-05,MSI.N,nan_or_zero_or_negative,HIGH,,,0.0,3.0,0.0
2021-05-05,MTB.N,nan_or_zero_or_negative,HIGH,,,0.0,3.0,0.0
2021-05-05,MTD.N,nan_or_zero_or_negative,HIGH,,,0.0,3.0,0.0
2021-05-05,NCLH.N,nan_or_zero_or_negative,HIGH,,,0.0,3.0,0.0
2021-05-05,NEE.N,nan_or_zero_or_negative,HIGH,,,0.0,3.0,0.0
2021-05-05,NEM.N,nan_or_zero_or_negative,HIGH,,,0.0,3.0,0.0
2021-05-05,NI.N,nan_or_zero_or_negative,HIGH,,,0.0,3.0,0.0
2021-05-05,NKE.N,nan_or_zero_or_negative,HIGH,,,0.0,3.0,0.0
2021-05-05,NOC.N,nan_or_zero_or_negative,HIGH,,,0.0,3.0,0.0
2021-05-05,NOW.N,nan_or_zero_or_negative,HIGH,,,0.0,3.0,0.0
2021-05-05,NRG.N,nan_or_zero_or_negative,HIGH,,,0.0,3.0,0.0
2021-05-05,NSC.N,nan_or_zero_or_negative,HIGH,,,0.0,3.0,0.0
2021-05-05,NUE.N,nan_or_zero_or_negative,HIGH,,,0.0,3.0,0.0
2021-05-05,NVR.N,nan_or_zero_or_negative,HIGH,,,0.0,3.0,0.0
2021-05-05,O.N,nan_or_zero_or_negative,HIGH,,,0.0,3.0,0.0
2021-05-05,OKE.N,nan_or_zero_or_negative,HIGH,,,0.0,3.0,0.0
2021-05-05,OMC.N,nan_or_zero_or_negative,HIGH,,,0.0,3.0,0.0
2021-05-05,ORCL.N,nan_or_zero_or_negative,HIGH,,,0.0,3.0,0.0
2021-05-05,OTIS.N,nan_or_zero_or_negative,HIGH,,,0.0,3.0,0.0
2021-05-05,OXY.N,nan_or_zero_or_negative,HIGH,,,0.0,3.0,0.0
2021-05-05,PAYC.N,nan_or_zero_or_negative,HIGH,,,0.0,3.0,0.0
2021-05-05,PCG.N,nan_or_zero_or_negative,HIGH,,,0.0,3.0,0.0
2021-05-05,PEAK.N,nan_or_zero_or_negative,HIGH,,,0.0,3.0,0.0
2021-05-05,PEG.N,nan_or_zero_or_negative,HIGH,,,0.0,3.0,0.0
2021-05-05,PFE.N,nan_or_zero_or_negative,HIGH,,,0.0,3.0,0.0
2021-05-05,PG.N,nan_or_zero_or_negative,HIGH,,,0.0,3.0,0.0
2021-05-05,PGR.N,nan_or_zero_or_negative,HIGH,,,0.0,3.0,0.0
2021-05-05,PH.N,nan_or_zero_or_negative,HIGH,,,0.0,3.0,0.0
2021-05-05,PHM.N,nan_or_zero_or_negative,HIGH,,,0.0,3.0,0.0
2021-05-05,PKG.N,nan_or_zero_or_negative,HIGH,,,0.0,3.0,0.0
2021-05-05,PLD.N,nan_or_zero_or_negative,HIGH,,,0.0,3.0,0.0
2021-05-05,PM.N,nan_or_zero_or_negative,HIGH,,,0.0,3.0,0.0
2021-05-05,PNC.N,nan_or_zero_or_negative,HIGH,,,0.0,3.0,0.0
2021-05-05,PNR.N,nan_or_zero_or_negative,HIGH,,,0.0,3.0,0.0
2021-05-05,PNW.N,nan_or_zero_or_negative,HIGH,,,0.0,3.0,0.0
2021-05-05,PPG.N,nan_or_zero_or_negative,HIGH,,,0.0,3.0,0.0
2021-05-05,PPL.N,nan_or_zero_or_negative,HIGH,,,0.0,3.0,0.0
2021-05-05,PRU.N,nan_or_zero_or_negative,HIGH,,,0.0,3.0,0.0
2021-05-05,PSA.N,nan_or_zero_or_negative,HIGH,,,0.0,3.0,0.0
2021-05-05,PSX.N,nan_or_zero_or_negative,HIGH,,,0.0,3.0,0.0
2021-05-05,PWR.N,nan_or_zero_or_negative,HIGH,,,0.0,3.0,0.0
2021-05-05,PXD.N,nan_or_zero_or_negative,HIGH,,,0.0,3.0,0.0
2021-05-05,RCL.N,nan_or_zero_or_negative,HIGH,,,0.0,3.0,0.0
2021-05-05,RF.N,nan_or_zero_or_negative,HIGH,,,0.0,3.0,0.0
2021-05-05,RHI.N,nan_or_zero_or_negative,HIGH,,,0.0,3.0,0.0
2021-05-05,RJF.N,nan_or_zero_or_negative,HIGH,,,0.0,3.0,0.0
2021-05-05,RL.N,nan_or_zero_or_negative,HIGH,,,0.0,3.0,0.0
2021-05-05,RMD.N,nan_or_zero_or_negative,HIGH,,,0.0,3.0,0.0
2021-05-05,ROK.N,nan_or_zero_or_negative,HIGH,,,0.0,3.0,0.0
2021-05-05,ROL.N,nan_or_zero_or_negative,HIGH,,,0.0,3.0,0.0
2021-05-05,RSG.N,nan_or_zero_or_negative,HIGH,,,0.0,3.0,0.0
2021-05-05,RTX.N,nan_or_zero_or_negative,HIGH,,,0.0,3.0,0.0
2021-05-05,SCHW.N,nan_or_zero_or_negative,HIGH,,,0.0,3.0,0.0
2021-05-05,SEE.N,nan_or_zero_or_negative,HIGH,,,0.0,3.0,0.0
2021-05-05,SHW.N,nan_or_zero_or_negative,HIGH,,,0.0,3.0,0.0
2021-05-05,SJM.N,nan_or_zero_or_negative,HIGH,,,0.0,3.0,0.0
2021-05-05,SLB.N,nan_or_zero_or_negative,HIGH,,,0.0,3.0,0.0
2021-05-05,SNA.N,nan_or_zero_or_negative,HIGH,,,0.0,3.0,0.0
2021-05-05,SO.N,nan_or_zero_or_negative,HIGH,,,0.0,3.0,0.0
2021-05-05,SPG.N,nan_or_zero_or_negative,HIGH,,,0.0,3.0,0.0
2021-05-05,SPGI.N,nan_or_zero_or_negative,HIGH,,,0.0,3.0,0.0
2021-05-05,SRE.N,nan_or_zero_or_negative,HIGH,,,0.0,3.0,0.0
2021-05-05,STE.N,nan_or_zero_or_negative,HIGH,,,0.0,3.0,0.0
2021-05-05,STT.N,nan_or_zero_or_negative,HIGH,,,0.0,3.0,0.0
2021-05-05,STZ.N,nan_or_zero_or_negative,HIGH,,,0.0,3.0,0.0
2021-05-05,SWK.N,nan_or_zero_or_negative,HIGH,,,0.0,3.0,0.0
2021-05-05,SYF.N,nan_or_zero_or_negative,HIGH,,,0.0,3.0,0.0
2021-05-05,SYK.N,nan_or_zero_or_negative,HIGH,,,0.0,3.0,0.0
2021-05-05,SYY.N,nan_or_zero_or_negative,HIGH,,,0.0,3.0,0.0
2021-05-05,T.N,nan_or_zero_or_negative,HIGH,,,0.0,3.0,0.0
2021-05-05,TAP.N,nan_or_zero_or_negative,HIGH,,,0.0,3.0,0.0
2021-05-05,TDG.N,nan_or_zero_or_negative,HIGH,,,0.0,3.0,0.0
2021-05-05,TDY.N,nan_or_zero_or_negative,HIGH,,,0.0,3.0,0.0
2021-05-05,TEL.N,nan_or_zero_or_negative,HIGH,,,0.0,3.0,0.0
2021-05-05,TFC.N,nan_or_zero_or_negative,HIGH,,,0.0,3.0,0.0
2021-05-05,TFX.N,nan_or_zero_or_negative,HIGH,,,0.0,3.0,0.0
2021-05-05,TGT.N,nan_or_zero_or_negative,HIGH,,,0.0,3.0,0.0
2021-05-05,TJX.N,nan_or_zero_or_negative,HIGH,,,0.0,3.0,0.0
2021-05-05,TMO.N,nan_or_zero_or_negative,HIGH,,,0.0,3.0,0.0
2021-05-05,TPR.N,nan_or_zero_or_negative,HIGH,,,0.0,3.0,0.0
2021-05-05,TRGP.N,nan_or_zero_or_negative,HIGH,,,0.0,3.0,0.0
2021-05-05,TRV.N,nan_or_zero_or_negative,HIGH,,,0.0,3.0,0.0
2021-05-05,TSN.N,nan_or_zero_or_negative,HIGH,,,0.0,3.0,0.0
2021-05-05,TT.N,nan_or_zero_or_negative,HIGH,,,0.0,3.0,0.0
2021-05-05,TXT.N,nan_or_zero_or_negative,HIGH,,,0.0,3.0,0.0
2021-05-05,TYL.N,nan_or_zero_or_negative,HIGH,,,0.0,3.0,0.0
2021-05-05,UDR.N,nan_or_zero_or_negative,HIGH,,,0.0,3.0,0.0
2021-05-05,UHS.N,nan_or_zero_or_negative,HIGH,,,0.0,3.0,0.0
2021-05-05,UNH.N,nan_or_zero_or_negative,HIGH,,,0.0,3.0,0.0
2021-05-05,UNP.N,nan_or_zero_or_negative,HIGH,,,0.0,3.0,0.0
2021-05-05,UPS.N,nan_or_zero_or_negative,HIGH,,,0.0,3.0,0.0
2021-05-05,URI.N,nan_or_zero_or_negative,HIGH,,,0.0,3.0,0.0
2021-05-05,USB.N,nan_or_zero_or_negative,HIGH,,,0.0,3.0,0.0
2021-05-05,V.N,nan_or_zero_or_negative,HIGH,,,0.0,3.0,0.0
2021-05-05,VFC.N,nan_or_zero_or_negative,HIGH,,,0.0,3.0,0.0
2021-05-05,VICI.N,nan_or_zero_or_negative,HIGH,,,0.0,3.0,0.0
2021-05-05,VLO.N,nan_or_zero_or_negative,HIGH,,,0.0,3.0,0.0
2021-05-05,VMC.N,nan_or_zero_or_negative,HIGH,,,0.0,3.0,0.0
2021-05-05,VTR.N,nan_or_zero_or_negative,HIGH,,,0.0,3.0,0.0
2021-05-05,VZ.N,nan_or_zero_or_negative,HIGH,,,0.0,3.0,0.0
2021-05-05,WAB.N,nan_or_zero_or_negative,HIGH,,,0.0,3.0,0.0
2021-05-05,WAT.N,nan_or_zero_or_negative,HIGH,,,0.0,3.0,0.0
2021-05-05,WEC.N,nan_or_zero_or_negative,HIGH,,,0.0,3.0,0.0
2021-05-05,WELL.N,nan_or_zero_or_negative,HIGH,,,0.0,3.0,0.0
2021-05-05,WFC.N,nan_or_zero_or_negative,HIGH,,,0.0,3.0,0.0
2021-05-05,WHR.N,nan_or_zero_or_negative,HIGH,,,0.0,3.0,0.0
2021-05-05,WM.N,nan_or_zero_or_negative,HIGH,,,0.0,3.0,0.0
2021-05-05,WMB.N,nan_or_zero_or_negative,HIGH,,,0.0,3.0,0.0
2021-05-05,WMT.N,nan_or_zero_or_negative,HIGH,,,0.0,3.0,0.0
2021-05-05,WRB.N,nan_or_zero_or_negative,HIGH,,,0.0,3.0,0.0
2021-05-05,WRK.N,nan_or_zero_or_negative,HIGH,,,0.0,3.0,0.0
2021-05-05,WST.N,nan_or_zero_or_negative,HIGH,,,0.0,3.0,0.0
2021-05-05,WY.N,nan_or_zero_or_negative,HIGH,,,0.0,3.0,0.0
2021-05-05,XOM.N,nan_or_zero_or_negative,HIGH,,,0.0,3.0,0.0
2021-05-05,XYL.N,nan_or_zero_or_negative,HIGH,,,0.0,3.0,0.0
2021-05-05,YUM.N,nan_or_zero_or_negative,HIGH,,,0.0,3.0,0.0
2021-05-05,ZBH.N,nan_or_zero_or_negative,HIGH,,,0.0,3.0,0.0
2021-05-05,ZTS.N,nan_or_zero_or_negative,HIGH,,,0.0,3.0,0.0
2021-05-05,A.N,extreme_jump,MEDIUM,,2.0,,,
2021-05-05,ABBV.N,extreme_jump,MEDIUM,,2.0,,,
2021-05-05,ABT.N,extreme_jump,MEDIUM,,2.0,,,
2021-05-05,ACN.N,extreme_jump,MEDIUM,,2.0,,,
2021-05-05,ADM.N,extreme_jump,MEDIUM,,2.0,,,
2021-05-05,AEE.N,extreme_jump,MEDIUM,,2.0,,,
2021-05-05,AES.N,extreme_jump,MEDIUM,,2.0,,,
2021-05-05,AFL.N,extreme_jump,MEDIUM,,2.0,,,
2021-05-05,AIG.N,extreme_jump,MEDIUM,,2.0,,,
2021-05-05,AIZ.N,extreme_jump,MEDIUM,,2.0,,,
2021-05-05,AJG.N,extreme_jump,MEDIUM,,2.0,,,
2021-05-05,ALB.N,extreme_jump,MEDIUM,,2.0,,,
2021-05-05,ALK.N,extreme_jump,MEDIUM,,2.0,,,
2021-05-05,ALL.N,extreme_jump,MEDIUM,,2.0,,,
2021-05-05,ALLE.N,extreme_jump,MEDIUM,,2.0,,,
2021-05-05,AMCR.N,extreme_jump,MEDIUM,,2.0,,,
2021-05-05,AME.N,extreme_jump,MEDIUM,,2.0,,,
2021-05-05,AMP.N,extreme_jump,MEDIUM,,2.0,,,
2021-05-05,AMT.N,extreme_jump,MEDIUM,,2.0,,,
2021-05-05,ANET.N,extreme_jump,MEDIUM,,2.0,,,
2021-05-05,AON.N,extreme_jump,MEDIUM,,2.0,,,
2021-05-05,AOS.N,extreme_jump,MEDIUM,,2.0,,,
2021-05-05,APD.N,extreme_jump,MEDIUM,,2.0,,,
2021-05-05,APH.N,extreme_jump,MEDIUM,,2.0,,,
2021-05-05,APTV.N,extreme_jump,MEDIUM,,2.0,,,
2021-05-05,ARE.N,extreme_jump,MEDIUM,,2.0,,,
2021-05-05,ATO.N,extreme_jump,MEDIUM,,2.0,,,
2021-05-05,AVB.N,extreme_jump,MEDIUM,,2.0,,,
2021-05-05,AVY.N,extreme_jump,MEDIUM,,2.0,,,
2021-05-05,AWK.N,extreme_jump,MEDIUM,,2.0,,,
2021-05-05,AXP.N,extreme_jump,MEDIUM,,2.0,,,
2021-05-05,AZO.N,extreme_jump,MEDIUM,,2.0,,,
2021-05-05,BA.N,extreme_jump,MEDIUM,,2.0,,,
2021-05-05,BAC.N,extreme_jump,MEDIUM,,2.0,,,
2021-05-05,BAX.N,extreme_jump,MEDIUM,,2.0,,,
2021-05-05,BBY.N,extreme_jump,MEDIUM,,2.0,,,
2021-05-05,BDX.N,extreme_jump,MEDIUM,,2.0,,,
2021-05-05,BEN.N,extreme_jump,MEDIUM,,2.0,,,
2021-05-05,BFb.N,extreme_jump,MEDIUM,,2.0,,,
2021-05-05,BG.N,extreme_jump,MEDIUM,,2.0,,,
2021-05-05,BIO.N,extreme_jump,MEDIUM,,2.0,,,
2021-05-05,BK.N,extreme_jump,MEDIUM,,2.0,,,
2021-05-05,BLK.N,extreme_jump,MEDIUM,,2.0,,,
2021-05-05,BMY.N,extreme_jump,MEDIUM,,2.0,,,
2021-05-05,BR.N,extreme_jump,MEDIUM,,2.0,,,
2021-05-05,BRKb.N,extreme_jump,MEDIUM,,2.0,,,
2021-05-05,BRO.N,extreme_jump,MEDIUM,,2.0,,,
2021-05-05,BSX.N,extreme_jump,MEDIUM,,2.0,,,
2021-05-05,BWA.N,extreme_jump,MEDIUM,,2.0,,,
2021-05-05,BX.N,extreme_jump,MEDIUM,,2.0,,,
2021-05-05,BXP.N,extreme_jump,MEDIUM,,2.0,,,
2021-05-05,C.N,extreme_jump,MEDIUM,,2.0,,,
2021-05-05,CAG.N,extreme_jump,MEDIUM,,2.0,,,
2021-05-05,CAH.N,extreme_jump,MEDIUM,,2.0,,,
2021-05-05,CARR.N,extreme_jump,MEDIUM,,2.0,,,
2021-05-05,CAT.N,extreme_jump,MEDIUM,,2.0,,,
2021-05-05,CB.N,extreme_jump,MEDIUM,,2.0,,,
2021-05-05,CBOE.Z,extreme_jump,MEDIUM,,2.0,,,
2021-05-05,CBRE.N,extreme_jump,MEDIUM,,2.0,,,
2021-05-05,CCI.N,extreme_jump,MEDIUM,,2.0,,,
2021-05-05,CCL.N,extreme_jump,MEDIUM,,2.0,,,
2021-05-05,CDAY.N,extreme_jump,MEDIUM,,2.0,,,
2021-05-05,CE.N,extreme_jump,MEDIUM,,2.0,,,
2021-05-05,CF.N,extreme_jump,MEDIUM,,2.0,,,
2021-05-05,CFG.N,extreme_jump,MEDIUM,,2.0,,,
2021-05-05,CHD.N,extreme_jump,MEDIUM,,2.0,,,
2021-05-05,CI.N,extreme_jump,MEDIUM,,2.0,,,
2021-05-05,CL.N,extreme_jump,MEDIUM,,2.0,,,
2021-05-05,CLX.N,extreme_jump,MEDIUM,,2.0,,,
2021-05-05,CMA.N,extreme_jump,MEDIUM,,2.0,,,
2021-05-05,CMG.N,extreme_jump,MEDIUM,,2.0,,,
2021-05-05,CMI.N,extreme_jump,MEDIUM,,2.0,,,
2021-05-05,CMS.N,extreme_jump,MEDIUM,,2.0,,,
2021-05-05,CNC.N,extreme_jump,MEDIUM,,2.0,,,
2021-05-05,CNP.N,extreme_jump,MEDIUM,,2.0,,,
2021-05-05,COF.N,extreme_jump,MEDIUM,,2.0,,,
2021-05-05,COP.N,extreme_jump,MEDIUM,,2.0,,,
2021-05-05,COR.N,extreme_jump,MEDIUM,,2.0,,,
2021-05-05,CPB.N,extreme_jump,MEDIUM,,2.0,,,
2021-05-05,CPT.N,extreme_jump,MEDIUM,,2.0,,,
2021-05-05,CRL.N,extreme_jump,MEDIUM,,2.0,,,
2021-05-05,CRM.N,extreme_jump,MEDIUM,,2.0,,,
2021-05-05,CTLT.N,extreme_jump,MEDIUM,,2.0,,,
2021-05-05,CTVA.N,extreme_jump,MEDIUM,,2.0,,,
2021-05-05,CVS.N,extreme_jump,MEDIUM,,2.0,,,
2021-05-05,CVX.N,extreme_jump,MEDIUM,,2.0,,,
2021-05-05,D.N,extreme_jump,MEDIUM,,2.0,,,
2021-05-05,DAL.N,extreme_jump,MEDIUM,,2.0,,,
2021-05-05,DD.N,extreme_jump,MEDIUM,,2.0,,,
2021-05-05,DE.N,extreme_jump,MEDIUM,,2.0,,,
2021-05-05,DFS.N,extreme_jump,MEDIUM,,2.0,,,
2021-05-05,DG.N,extreme_jump,MEDIUM,,2.0,,,
2021-05-05,DGX.N,extreme_jump,MEDIUM,,2.0,,,
2021-05-05,DHI.N,extreme_jump,MEDIUM,,2.0,,,
2021-05-05,DHR.N,extreme_jump,MEDIUM,,2.0,,,
2021-05-05,DIS.N,extreme_jump,MEDIUM,,2.0,,,
2021-05-05,DLR.N,extreme_jump,MEDIUM,,2.0,,,
2021-05-05,DOV.N,extreme_jump,MEDIUM,,2.0,,,
2021-05-05,DOW.N,extreme_jump,MEDIUM,,2.0,,,
2021-05-05,DPZ.N,extreme_jump,MEDIUM,,2.0,,,
2021-05-05,DRI.N,extreme_jump,MEDIUM,,2.0,,,
2021-05-05,DTE.N,extreme_jump,MEDIUM,,2.0,,,
2021-05-05,DUK.N,extreme_jump,MEDIUM,,2.0,,,
2021-05-05,DVA.N,extreme_jump,MEDIUM,,2.0,,,
2021-05-05,DVN.N,extreme_jump,MEDIUM,,2.0,,,
2021-05-05,ECL.N,extreme_jump,MEDIUM,,2.0,,,
2021-05-05,ED.N,extreme_jump,MEDIUM,,2.0,,,
2021-05-05,EFX.N,extreme_jump,MEDIUM,,2.0,,,
2021-05-05,EIX.N,extreme_jump,MEDIUM,,2.0,,,
2021-05-05,EL.N,extreme_jump,MEDIUM,,2.0,,,
2021-05-05,EMN.N,extreme_jump,MEDIUM,,2.0,,,
2021-05-05,EMR.N,extreme_jump,MEDIUM,,2.0,,,
2021-05-05,EOG.N,extreme_jump,MEDIUM,,2.0,,,
2021-05-05,EPAM.N,extreme_jump,MEDIUM,,2.0,,,
2021-05-05,EQR.N,extreme_jump,MEDIUM,,2.0,,,
2021-05-05,EQT.N,extreme_jump,MEDIUM,,2.0,,,
2021-05-05,ES.N,extreme_jump,MEDIUM,,2.0,,,
2021-05-05,ESS.N,extreme_jump,MEDIUM,,2.0,,,
2021-05-05,ETN.N,extreme_jump,MEDIUM,,2.0,,,
2021-05-05,ETR.N,extreme_jump,MEDIUM,,2.0,,,
2021-05-05,EW.N,extreme_jump,MEDIUM,,2.0,,,
2021-05-05,EXR.N,extreme_jump,MEDIUM,,2.0,,,
2021-05-05,F.N,extreme_jump,MEDIUM,,2.0,,,
2021-05-05,FCX.N,extreme_jump,MEDIUM,,2.0,,,
2021-05-05,FDS.N,extreme_jump,MEDIUM,,2.0,,,
2021-05-05,FDX.N,extreme_jump,MEDIUM,,2.0,,,
2021-05-05,FE.N,extreme_jump,MEDIUM,,2.0,,,
2021-05-05,FI.N,extreme_jump,MEDIUM,,2.0,,,
2021-05-05,FICO.N,extreme_jump,MEDIUM,,2.0,,,
2021-05-05,FIS.N,extreme_jump,MEDIUM,,2.0,,,
2021-05-05,FLT.N,extreme_jump,MEDIUM,,2.0,,,
2021-05-05,FMC.N,extreme_jump,MEDIUM,,2.0,,,
2021-05-05,FRT.N,extreme_jump,MEDIUM,,2.0,,,
2021-05-05,FTV.N,extreme_jump,MEDIUM,,2.0,,,
2021-05-05,GD.N,extreme_jump,MEDIUM,,2.0,,,
2021-05-05,GE.N,extreme_jump,MEDIUM,,2.0,,,
2021-05-05,GIS.N,extreme_jump,MEDIUM,,2.0,,,
2021-05-05,GL.N,extreme_jump,MEDIUM,,2.0,,,
2021-05-05,GLW.N,extreme_jump,MEDIUM,,2.0,,,
2021-05-05,GM.N,extreme_jump,MEDIUM,,2.0,,,
2021-05-05,GNRC.N,extreme_jump,MEDIUM,,2.0,,,
2021-05-05,GPC.N,extreme_jump,MEDIUM,,2.0,,,
2021-05-05,GPN.N,extreme_jump,MEDIUM,,2.0,,,
2021-05-05,GS.N,extreme_jump,MEDIUM,,2.0,,,
2021-05-05,GWW.N,extreme_jump,MEDIUM,,2.0,,,
2021-05-05,HAL.N,extreme_jump,MEDIUM,,2.0,,,
2021-05-05,HCA.N,extreme_jump,MEDIUM,,2.0,,,
2021-05-05,HD.N,extreme_jump,MEDIUM,,2.0,,,
2021-05-05,HES.N,extreme_jump,MEDIUM,,2.0,,,
2021-05-05,HIG.N,extreme_jump,MEDIUM,,2.0,,,
2021-05-05,HII.N,extreme_jump,MEDIUM,,2.0,,,
2021-05-05,HLT.N,extreme_jump,MEDIUM,,2.0,,,
2021-05-05,HPE.N,extreme_jump,MEDIUM,,2.0,,,
2021-05-05,HPQ.N,extreme_jump,MEDIUM,,2.0,,,
2021-05-05,HRL.N,extreme_jump,MEDIUM,,2.0,,,
2021-05-05,HSY.N,extreme_jump,MEDIUM,,2.0,,,
2021-05-05,HUBB.N,extreme_jump,MEDIUM,,2.0,,,
2021-05-05,HUM.N,extreme_jump,MEDIUM,,2.0,,,
2021-05-05,HWM.N,extreme_jump,MEDIUM,,2.0,,,
2021-05-05,IBM.N,extreme_jump,MEDIUM,,2.0,,,
2021-05-05,ICE.N,extreme_jump,MEDIUM,,2.0,,,
2021-05-05,IEX.N,extreme_jump,MEDIUM,,2.0,,,
2021-05-05,IFF.N,extreme_jump,MEDIUM,,2.0,,,
2021-05-05,INVH.N,extreme_jump,MEDIUM,,2.0,,,
2021-05-05,IP.N,extreme_jump,MEDIUM,,2.0,,,
2021-05-05,IPG.N,extreme_jump,MEDIUM,,2.0,,,
2021-05-05,IQV.N,extreme_jump,MEDIUM,,2.0,,,
2021-05-05,IR.N,extreme_jump,MEDIUM,,2.0,,,
2021-05-05,IRM.N,extreme_jump,MEDIUM,,2.0,,,
2021-05-05,IT.N,extreme_jump,MEDIUM,,2.0,,,
2021-05-05,ITW.N,extreme_jump,MEDIUM,,2.0,,,
2021-05-05,IVZ.N,extreme_jump,MEDIUM,,2.0,,,
2021-05-05,J.N,extreme_jump,MEDIUM,,2.0,,,
2021-05-05,JCI.N,extreme_jump,MEDIUM,,2.0,,,
2021-05-05,JNJ.N,extreme_jump,MEDIUM,,2.0,,,
2021-05-05,JNPR.N,extreme_jump,MEDIUM,,2.0,,,
2021-05-05,JPM.N,extreme_jump,MEDIUM,,2.0,,,
2021-05-05,K.N,extreme_jump,MEDIUM,,2.0,,,
2021-05-05,KEY.N,extreme_jump,MEDIUM,,2.0,,,
2021-05-05,KEYS.N,extreme_jump,MEDIUM,,2.0,,,
2021-05-05,KIM.N,extreme_jump,MEDIUM,,2.0,,,
2021-05-05,KMB.N,extreme_jump,MEDIUM,,2.0,,,
2021-05-05,KMI.N,extreme_jump,MEDIUM,,2.0,,,
2021-05-05,KMX.N,extreme_jump,MEDIUM,,2.0,,,
2021-05-05,KO.N,extreme_jump,MEDIUM,,2.0,,,
2021-05-05,KR.N,extreme_jump,MEDIUM,,2.0,,,
2021-05-05,L.N,extreme_jump,MEDIUM,,2.0,,,
2021-05-05,LDOS.N,extreme_jump,MEDIUM,,2.0,,,
2021-05-05,LEN.N,extreme_jump,MEDIUM,,2.0,,,
2021-05-05,LH.N,extreme_jump,MEDIUM,,2.0,,,
2021-05-05,LHX.N,extreme_jump,MEDIUM,,2.0,,,
2021-05-05,LIN.N,extreme_jump,MEDIUM,,2.0,,,
2021-05-05,LLY.N,extreme_jump,MEDIUM,,2.0,,,
2021-05-05,LMT.N,extreme_jump,MEDIUM,,2.0,,,
2021-05-05,LOW.N,extreme_jump,MEDIUM,,2.0,,,
2021-05-05,LUV.N,extreme_jump,MEDIUM,,2.0,,,
2021-05-05,LVS.N,extreme_jump,MEDIUM,,2.0,,,
2021-05-05,LW.N,extreme_jump,MEDIUM,,2.0,,,
2021-05-05,LYB.N,extreme_jump,MEDIUM,,2.0,,,
2021-05-05,LYV.N,extreme_jump,MEDIUM,,2.0,,,
2021-05-05,MA.N,extreme_jump,MEDIUM,,2.0,,,
2021-05-05,MAA.N,extreme_jump,MEDIUM,,2.0,,,
2021-05-05,MAS.N,extreme_jump,MEDIUM,,2.0,,,
2021-05-05,MCD.N,extreme_jump,MEDIUM,,2.0,,,
2021-05-05,MCK.N,extreme_jump,MEDIUM,,2.0,,,
2021-05-05,MCO.N,extreme_jump,MEDIUM,,2.0,,,
2021-05-05,MDT.N,extreme_jump,MEDIUM,,2.0,,,
2021-05-05,MET.N,extreme_jump,MEDIUM,,2.0,,,
2021-05-05,MGM.N,extreme_jump,MEDIUM,,2.0,,,
2021-05-05,MHK.N,extreme_jump,MEDIUM,,2.0,,,
2021-05-05,MKC.N,extreme_jump,MEDIUM,,2.0,,,
2021-05-05,MLM.N,extreme_jump,MEDIUM,,2.0,,,
2021-05-05,MMC.N,extreme_jump,MEDIUM,,2.0,,,
2021-05-05,MMM.N,extreme_jump,MEDIUM,,2.0,,,
2021-05-05,MO.N,extreme_jump,MEDIUM,,2.0,,,
2021-05-05,MOH.N,extreme_jump,MEDIUM,,2.0,,,
2021-05-05,MOS.N,extreme_jump,MEDIUM,,2.0,,,
2021-05-05,MPC.N,extreme_jump,MEDIUM,,2.0,,,
2021-05-05,MRK.N,extreme_jump,MEDIUM,,2.0,,,
2021-05-05,MRO.N,extreme_jump,MEDIUM,,2.0,,,
2021-05-05,MS.N,extreme_jump,MEDIUM,,2.0,,,
2021-05-05,MSCI.N,extreme_jump,MEDIUM,,2.0,,,
2021-05-05,MSI.N,extreme_jump,MEDIUM,,2.0,,,
2021-05-05,MTB.N,extreme_jump,MEDIUM,,2.0,,,
2021-05-05,MTD.N,extreme_jump,MEDIUM,,2.0,,,
2021-05-05,NCLH.N,extreme_jump,MEDIUM,,2.0,,,
2021-05-05,NEE.N,extreme_jump,MEDIUM,,2.0,,,
2021-05-05,NEM.N,extreme_jump,MEDIUM,,2.0,,,
2021-05-05,NI.N,extreme_jump,MEDIUM,,2.0,,,
2021-05-05,NKE.N,extreme_jump,MEDIUM,,2.0,,,
2021-05-05,NOC.N,extreme_jump,MEDIUM,,2.0,,,
2021-05-05,NOW.N,extreme_jump,MEDIUM,,2.0,,,
2021-05-05,NRG.N,extreme_jump,MEDIUM,,2.0,,,
2021-05-05,NSC.N,extreme_jump,MEDIUM,,2.0,,,
2021-05-05,NUE.N,extreme_jump,MEDIUM,,2.0,,,
2021-05-05,NVR.N,extreme_jump,MEDIUM,,2.0,,,
2021-05-05,O.N,extreme_jump,MEDIUM,,2.0,,,
2021-05-05,OKE.N,extreme_jump,MEDIUM,,2.0,,,
2021-05-05,OMC.N,extreme_jump,MEDIUM,,2.0,,,
2021-05-05,ORCL.N,extreme_jump,MEDIUM,,2.0,,,
2021-05-05,OTIS.N,extreme_jump,MEDIUM,,2.0,,,
2021-05-05,OXY.N,extreme_jump,MEDIUM,,2.0,,,
2021-05-05,PAYC.N,extreme_jump,MEDIUM,,2.0,,,
2021-05-05,PCG.N,extreme_jump,MEDIUM,,2.0,,,
2021-05-05,PEAK.N,extreme_jump,MEDIUM,,2.0,,,
2021-05-05,PEG.N,extreme_jump,MEDIUM,,2.0,,,
2021-05-05,PFE.N,extreme_jump,MEDIUM,,2.0,,,
2021-05-05,PG.N,extreme_jump,MEDIUM,,2.0,,,
2021-05-05,PGR.N,extreme_jump,MEDIUM,,2.0,,,
2021-05-05,PH.N,extreme_jump,MEDIUM,,2.0,,,
2021-05-05,PHM.N,extreme_jump,MEDIUM,,2.0,,,
2021-05-05,PKG.N,extreme_jump,MEDIUM,,2.0,,,
2021-05-05,PLD.N,extreme_jump,MEDIUM,,2.0,,,
2021-05-05,PM.N,extreme_jump,MEDIUM,,2.0,,,
2021-05-05,PNC.N,extreme_jump,MEDIUM,,2.0,,,
2021-05-05,PNR.N,extreme_jump,MEDIUM,,2.0,,,
2021-05-05,PNW.N,extreme_jump,MEDIUM,,2.0,,,
2021-05-05,PPG.N,extreme_jump,MEDIUM,,2.0,,,
2021-05-05,PPL.N,extreme_jump,MEDIUM,,2.0,,,
2021-05-05,PRU.N,extreme_jump,MEDIUM,,2.0,,,
2021-05-05,PSA.N,extreme_jump,MEDIUM,,2.0,,,
2021-05-05,PSX.N,extreme_jump,MEDIUM,,2.0,,,
2021-05-05,PWR.N,extreme_jump,MEDIUM,,2.0,,,
2021-05-05,PXD.N,extreme_jump,MEDIUM,,2.0,,,
2021-05-05,RCL.N,extreme_jump,MEDIUM,,2.0,,,
2021-05-05,RF.N,extreme_jump,MEDIUM,,2.0,,,
2021-05-05,RHI.N,extreme_jump,MEDIUM,,2.0,,,
2021-05-05,RJF.N,extreme_jump,MEDIUM,,2.0,,,
2021-05-05,RL.N,extreme_jump,MEDIUM,,2.0,,,
2021-05-05,RMD.N,extreme_jump,MEDIUM,,2.0,,,
2021-05-05,ROK.N,extreme_jump,MEDIUM,,2.0,,,
2021-05-05,ROL.N,extreme_jump,MEDIUM,,2.0,,,
2021-05-05,RSG.N,extreme_jump,MEDIUM,,2.0,,,
2021-05-05,RTX.N,extreme_jump,MEDIUM,,2.0,,,
2021-05-05,SCHW.N,extreme_jump,MEDIUM,,2.0,,,
2021-05-05,SEE.N,extreme_jump,MEDIUM,,2.0,,,
2021-05-05,SHW.N,extreme_jump,MEDIUM,,2.0,,,
2021-05-05,SJM.N,extreme_jump,MEDIUM,,2.0,,,
2021-05-05,SLB.N,extreme_jump,MEDIUM,,2.0,,,
2021-05-05,SNA.N,extreme_jump,MEDIUM,,2.0,,,
2021-05-05,SO.N,extreme_jump,MEDIUM,,2.0,,,
2021-05-05,SPG.N,extreme_jump,MEDIUM,,2.0,,,
2021-05-05,SPGI.N,extreme_jump,MEDIUM,,2.0,,,
2021-05-05,SRE.N,extreme_jump,MEDIUM,,2.0,,,
2021-05-05,STE.N,extreme_jump,MEDIUM,,2.0,,,
2021-05-05,STT.N,extreme_jump,MEDIUM,,2.0,,,
2021-05-05,STZ.N,extreme_jump,MEDIUM,,2.0,,,
2021-05-05,SWK.N,extreme_jump,MEDIUM,,2.0,,,
2021-05-05,SYF.N,extreme_jump,MEDIUM,,2.0,,,
2021-05-05,SYK.N,extreme_jump,MEDIUM,,2.0,,,
2021-05-05,SYY.N,extreme_jump,MEDIUM,,2.0,,,
2021-05-05,T.N,extreme_jump,MEDIUM,,2.0,,,
2021-05-05,TAP.N,extreme_jump,MEDIUM,,2.0,,,
2021-05-05,TDG.N,extreme_jump,MEDIUM,,2.0,,,
2021-05-05,TDY.N,extreme_jump,MEDIUM,,2.0,,,
2021-05-05,TEL.N,extreme_jump,MEDIUM,,2.0,,,
2021-05-05,TFC.N,extreme_jump,MEDIUM,,2.0,,,
2021-05-05,TFX.N,extreme_jump,MEDIUM,,2.0,,,
2021-05-05,TGT.N,extreme_jump,MEDIUM,,2.0,,,
2021-05-05,TJX.N,extreme_jump,MEDIUM,,2.0,,,
2021-05-05,TMO.N,extreme_jump,MEDIUM,,2.0,,,
2021-05-05,TPR.N,extreme_jump,MEDIUM,,2.0,,,
2021-05-05,TRGP.N,extreme_jump,MEDIUM,,2.0,,,
2021-05-05,TRV.N,extreme_jump,MEDIUM,,2.0,,,
2021-05-05,TSN.N,extreme_jump,MEDIUM,,2.0,,,
2021-05-05,TT.N,extreme_jump,MEDIUM,,2.0,,,
2021-05-05,TXT.N,extreme_jump,MEDIUM,,2.0,,,
2021-05-05,TYL.N,extreme_jump,MEDIUM,,2.0,,,
2021-05-05,UDR.N,extreme_jump,MEDIUM,,2.0,,,
2021-05-05,UHS.N,extreme_jump,MEDIUM,,2.0,,,
2021-05-05,UNH.N,extreme_jump,MEDIUM,,2.0,,,
2021-05-05,UNP.N,extreme_jump,MEDIUM,,2.0,,,
2021-05-05,UPS.N,extreme_jump,MEDIUM,,2.0,,,
2021-05-05,URI.N,extreme_jump,MEDIUM,,2.0,,,
2021-05-05,USB.N,extreme_jump,MEDIUM,,2.0,,,
2021-05-05,V.N,extreme_jump,MEDIUM,,2.0,,,
2021-05-05,VFC.N,extreme_jump,MEDIUM,,2.0,,,
2021-05-05,VICI.N,extreme_jump,MEDIUM,,2.0,,,
2021-05-05,VLO.N,extreme_jump,MEDIUM,,2.0,,,
2021-05-05,VMC.N,extreme_jump,MEDIUM,,2.0,,,
2021-05-05,VTR.N,extreme_jump,MEDIUM,,2.0,,,
2021-05-05,VZ.N,extreme_jump,MEDIUM,,2.0,,,
2021-05-05,WAB.N,extreme_jump,MEDIUM,,2.0,,,
2021-05-05,WAT.N,extreme_jump,MEDIUM,,2.0,,,
2021-05-05,WEC.N,extreme_jump,MEDIUM,,2.0,,,
2021-05-05,WELL.N,extreme_jump,MEDIUM,,2.0,,,
2021-05-05,WFC.N,extreme_jump,MEDIUM,,2.0,,,
2021-05-05,WHR.N,extreme_jump,MEDIUM,,2.0,,,
2021-05-05,WM.N,extreme_jump,MEDIUM,,2.0,,,
2021-05-05,WMB.N,extreme_jump,MEDIUM,,2.0,,,
2021-05-05,WMT.N,extreme_jump,MEDIUM,,2.0,,,
2021-05-05,WRB.N,extreme_jump,MEDIUM,,2.0,,,
2021-05-05,WRK.N,extreme_jump,MEDIUM,,2.0,,,
2021-05-05,WST.N,extreme_jump,MEDIUM,,2.0,,,
2021-05-05,WY.N,extreme_jump,MEDIUM,,2.0,,,
2021-05-05,XOM.N,extreme_jump,MEDIUM,,2.0,,,
2021-05-05,XYL.N,extreme_jump,MEDIUM,,2.0,,,
2021-05-05,YUM.N,extreme_jump,MEDIUM,,2.0,,,
2021-05-05,ZBH.N,extreme_jump,MEDIUM,,2.0,,,
2021-05-05,ZTS.N,extreme_jump,MEDIUM,,2.0,,,
2021-05-14,AMCR.N,flat_run,LOW,16.0,,,,
2021-05-14,CSGP.OQ,flat_run,LOW,10.0,,,,
2021-05-14,FI.N,flat_run,LOW,10.0,,,,
2021-05-14,MPC.N,flat_run,LOW,19.0,,,,
2021-05-17,FI.N,flat_run,LOW,11.0,,,,
2021-05-18,AMCR.N,flat_run,LOW,13.0,,,,
2021-05-18,FI.N,flat_run,LOW,14.0,,,,
2021-05-20,AMCR.N,flat_run,LOW,11.0,,,,
2021-05-20,FI.N,flat_run,LOW,13.0,,,,
2021-05-24,FI.N,flat_run,LOW,13.0,,,,
2021-05-25,FI.N,flat_run,MEDIUM,20.0,,,,
2021-05-25,AMCR.N,flat_run,LOW,15.0,,,,
2021-05-25,PCG.N,flat_run,LOW,11.0,,,,
2021-05-26,HUBB.N,flat_run,LOW,14.0,,,,
2021-05-27,AMCR.N,flat_run,MEDIUM,23.0,,,,
2021-05-27,FI.N,flat_run,LOW,14.0,,,,
2021-05-27,PCG.N,flat_run,LOW,15.0,,,,
2021-05-28,FI.N,flat_run,MEDIUM,25.0,,,,
2021-05-28,AMCR.N,flat_run,LOW,12.0,,,,
2021-06-01,AMCR.N,flat_run,MEDIUM,28.0,,,,
2021-06-01,FI.N,flat_run,LOW,10.0,,,,
2021-06-02,AMCR.N,flat_run,LOW,12.0,,,,
2021-06-02,PCG.N,flat_run,LOW,10.0,,,,
2021-06-03,FI.N,flat_run,LOW,12.0,,,,
2021-06-03,PCG.N,flat_run,LOW,13.0,,,,
2021-06-03,PPL.N,flat_run,LOW,12.0,,,,
2021-06-04,AMCR.N,flat_run,LOW,10.0,,,,
2021-06-04,FI.N,flat_run,LOW,14.0,,,,
2021-06-04,NVR.N,flat_run,LOW,10.0,,,,
2021-06-07,AMCR.N,flat_run,MEDIUM,21.0,,,,
2021-06-07,BIIB.OQ,flat_run,MEDIUM,92.0,,,,
2021-06-07,BIIB.OQ,extreme_jump,MEDIUM,,2.0,,,
2021-06-08,FI.N,flat_run,MEDIUM,27.0,,,,
2021-06-08,HUBB.N,flat_run,LOW,13.0,,,,
2021-06-08,PCG.N,flat_run,LOW,14.0,,,,
2021-06-09,AMCR.N,flat_run,LOW,12.0,,,,
2021-06-09,FI.N,flat_run,LOW,17.0,,,,
2021-06-09,PCG.N,flat_run,LOW,19.0,,,,
2021-06-10,AMCR.N,flat_run,LOW,13.0,,,,
2021-06-10,FI.N,flat_run,LOW,14.0,,,,
2021-06-11,AMCR.N,flat_run,LOW,17.0,,,,
2021-06-11,FE.N,flat_run,LOW,12.0,,,,
2021-06-11,FI.N,flat_run,LOW,15.0,,,,
2021-06-11,HST.OQ,flat_run,LOW,10.0,,,,
2021-06-11,PCG.N,flat_run,LOW,12.0,,,,
2021-06-14,PCG.N,flat_run,LOW,12.0,,,,
2021-06-15,HPE.N,flat_run,LOW,10.0,,,,
2021-06-15,PCG.N,flat_run,LOW,13.0,,,,
2021-06-16,VTRS.OQ,flat_run,MEDIUM,20.0,,,,
2021-06-16,AMCR.N,flat_run,LOW,15.0,,,,
2021-06-16,FI.N,flat_run,LOW,10.0,,,,
2021-06-16,PCG.N,flat_run,LOW,16.0,,,,
2021-06-22,FI.N,flat_run,LOW,15.0,,,,
2021-06-23,AMCR.N,flat_run,LOW,11.0,,,,
2021-06-23,FI.N,flat_run,LOW,11.0,,,,
2021-06-23,PCG.N,flat_run,LOW,11.0,,,,
2021-06-24,PCG.N,flat_run,MEDIUM,22.0,,,,
2021-06-24,BIO.N,flat_run,LOW,13.0,,,,
2021-06-24,FI.N,flat_run,LOW,13.0,,,,
2021-06-24,KMI.N,flat_run,LOW,13.0,,,,
2021-06-25,AMCR.N,flat_run,MEDIUM,21.0,,,,
2021-06-25,AES.N,flat_run,LOW,17.0,,,,
2021-06-25,CNP.N,flat_run,LOW,10.0,,,,
2021-06-25,FI.N,flat_run,LOW,15.0,,,,
2021-06-25,NI.N,flat_run,LOW,10.0,,,,
2021-06-25,PCG.N,flat_run,LOW,13.0,,,,
2021-06-28,PCG.N,flat_run,LOW,15.0,,,,
2021-06-29,AMCR.N,flat_run,LOW,15.0,,,,
2021-06-29,FI.N,flat_run,LOW,10.0,,,,
2021-06-29,NWSA.OQ,flat_run,LOW,10.0,,,,
2021-06-30,FI.N,flat_run,LOW,19.0,,,,
2021-07-01,AMCR.N,flat_run,LOW,13.0,,,,
2021-07-01,FI.N,flat_run,LOW,12.0,,,,
2021-07-01,PCG.N,flat_run,LOW,12.0,,,,
2021-07-02,AMCR.N,flat_run,LOW,12.0,,,,
2021-07-02,FI.N,flat_run,LOW,17.0,,,,
2021-07-02,PCG.N,flat_run,LOW,11.0,,,,
2021-07-02,VTRS.OQ,flat_run,LOW,10.0,,,,
2021-07-06,FI.N,flat_run,MEDIUM,26.0,,,,
2021-07-07,FI.N,flat_run,LOW,10.0,,,,
2021-07-07,PCG.N,flat_run,LOW,10.0,,,,
2021-07-09,FI.N,flat_run,LOW,11.0,,,,
2021-07-09,HPE.N,flat_run,LOW,10.0,,,,
2021-07-12,AMCR.N,flat_run,LOW,13.0,,,,
2021-07-12,FI.N,flat_run,LOW,19.0,,,,
2021-07-12,PCG.N,flat_run,LOW,17.0,,,,
2021-07-13,PCG.N,flat_run,MEDIUM,21.0,,,,
2021-07-13,FI.N,flat_run,LOW,19.0,,,,
2021-07-14,FI.N,flat_run,LOW,14.0,,,,
2021-07-15,HPE.N,flat_run,LOW,11.0,,,,
2021-07-15,PCG.N,flat_run,LOW,14.0,,,,
2021-07-16,FI.N,flat_run,LOW,19.0,,,,
2021-07-16,PCG.N,flat_run,LOW,12.0,,,,
2021-07-20,FI.N,flat_run,LOW,10.0,,,,
2021-07-20,PCG.N,flat_run,LOW,10.0,,,,
2021-07-21,AMCR.N,flat_run,LOW,10.0,,,,
2021-07-21,PCG.N,flat_run,LOW,10.0,,,,
2021-07-22,FI.N,flat_run,LOW,19.0,,,,
2021-07-22,VTRS.OQ,flat_run,LOW,13.0,,,,
2021-07-23,FI.N,flat_run,LOW,16.0,,,,
2021-07-23,PCG.N,flat_run,LOW,10.0,,,,
2021-07-26,FI.N,flat_run,LOW,15.0,,,,
2021-07-27,FI.N,flat_run,LOW,19.0,,,,
2021-07-28,FI.N,flat_run,MEDIUM,28.0,,,,
2021-07-29,FI.N,flat_run,LOW,12.0,,,,
2021-07-30,FI.N,flat_run,MEDIUM,27.0,,,,
2021-07-30,HPE.N,flat_run,LOW,11.0,,,,
2021-08-02,FI.N,flat_run,LOW,14.0,,,,
2021-08-03,FI.N,flat_run,LOW,15.0,,,,
2021-08-03,NVR.N,flat_run,LOW,11.0,,,,
2021-08-04,NDSN.OQ,flat_run,LOW,10.0,,,,
2021-08-05,FI.N,flat_run,LOW,10.0,,,,
2021-08-06,FI.N,flat_run,MEDIUM,39.0,,,,
2021-08-09,FI.N,flat_run,MEDIUM,28.0,,,,
2021-08-09,AMCR.N,flat_run,LOW,10.0,,,,
2021-08-09,JNPR.N,flat_run,LOW,11.0,,,,
2021-08-09,NVR.N,flat_run,LOW,12.0,,,,
2021-08-09,PCG.N,flat_run,LOW,10.0,,,,
2021-08-10,FI.N,flat_run,MEDIUM,20.0,,,,
2021-08-10,AMCR.N,flat_run,LOW,14.0,,,,
2021-08-11,FI.N,flat_run,LOW,13.0,,,,
2021-08-11,NVR.N,flat_run,LOW,16.0,,,,
2021-08-12,FI.N,flat_run,LOW,18.0,,,,
2021-08-12,KDP.OQ,flat_run,LOW,11.0,,,,
2021-08-12,PCG.N,flat_run,LOW,10.0,,,,
2021-08-13,FI.N,flat_run,MEDIUM,88.0,,,,
2021-08-13,AMCR.N,flat_run,LOW,14.0,,,,
2021-08-16,AMCR.N,flat_run,LOW,11.0,,,,
2021-08-16,FI.N,flat_run,LOW,13.0,,,,
2021-08-17,FI.N,flat_run,LOW,19.0,,,,
2021-08-18,FI.N,flat_run,MEDIUM,28.0,,,,
2021-08-18,HPE.N,flat_run,LOW,16.0,,,,
2021-08-20,FI.N,flat_run,MEDIUM,21.0,,,,
2021-08-20,NVR.N,flat_run,LOW,14.0,,,,
2021-08-23,FI.N,flat_run,MEDIUM,20.0,,,,
2021-08-23,AMCR.N,flat_run,LOW,13.0,,,,
2021-08-23,HPE.N,flat_run,LOW,14.0,,,,
2021-08-24,AMCR.N,flat_run,LOW,17.0,,,,
2021-08-24,FI.N,flat_run,LOW,19.0,,,,
2021-08-25,AMCR.N,flat_run,MEDIUM,21.0,,,,
2021-08-25,FI.N,flat_run,MEDIUM,29.0,,,,
2021-08-25,NVR.N,flat_run,LOW,12.0,,,,
2021-08-25,PCG.N,flat_run,LOW,13.0,,,,
2021-08-25,VTRS.OQ,flat_run,LOW,13.0,,,,
2021-08-26,PCG.N,flat_run,MEDIUM,25.0,,,,
2021-08-26,AMCR.N,flat_run,LOW,12.0,,,,
2021-08-27,AMCR.N,flat_run,LOW,11.0,,,,
2021-08-27,FI.N,flat_run,LOW,19.0,,,,
2021-08-27,PCG.N,flat_run,LOW,18.0,,,,
2021-08-30,FI.N,flat_run,MEDIUM,37.0,,,,
2021-08-30,AMCR.N,flat_run,LOW,12.0,,,,
2021-08-30,GRMN.N,flat_run,LOW,14.0,,,,
2021-08-30,NVR.N,flat_run,LOW,12.0,,,,
2021-08-31,AMCR.N,flat_run,LOW,13.0,,,,
2021-08-31,FI.N,flat_run,LOW,18.0,,,,
2021-08-31,PCG.N,flat_run,LOW,10.0,,,,
2021-09-01,BIO.N,flat_run,LOW,10.0,,,,
2021-09-01,FI.N,flat_run,LOW,13.0,,,,
2021-09-01,VTRS.OQ,flat_run,LOW,11.0,,,,
2021-09-02,FI.N,flat_run,LOW,15.0,,,,
2021-09-03,AMCR.N,flat_run,MEDIUM,22.0,,,,
2021-09-07,GRMN.N,nan_or_zero_or_negative,HIGH,,,1.0,0.0,0.0
2021-09-07,FI.N,flat_run,MEDIUM,21.0,,,,
2021-09-07,AMCR.N,flat_run,LOW,10.0,,,,
2021-09-08,FI.N,flat_run,LOW,15.0,,,,
2021-09-09,FI.N,flat_run,MEDIUM,36.0,,,,
2021-09-09,KDP.OQ,flat_run,LOW,11.0,,,,
2021-09-09,VTRS.OQ,flat_run,LOW,11.0,,,,
2021-09-14,AMCR.N,flat_run,LOW,11.0,,,,
2021-09-14,FI.N,flat_run,LOW,14.0,,,,
2021-09-15,AMCR.N,flat_run,LOW,11.0,,,,
2021-09-15,FI.N,flat_run,LOW,12.0,,,,
2021-09-16,FI.N,flat_run,LOW,10.0,,,,
2021-09-17,AMCR.N,flat_run,LOW,12.0,,,,
2021-09-17,FI.N,flat_run,LOW,11.0,,,,
2021-09-20,FI.N,flat_run,LOW,16.0,,,,
2021-09-21,INCY.OQ,nan_or_zero_or_negative,HIGH,,,0.0,53.0,0.0
2021-09-21,FI.N,flat_run,LOW,13.0,,,,
2021-09-21,HPE.N,flat_run,LOW,11.0,,,,
2021-09-21,INCY.OQ,extreme_jump,MEDIUM,,1.0,,,
2021-09-22,FI.N,flat_run,MEDIUM,23.0,,,,
2021-09-22,AMCR.N,flat_run,LOW,10.0,,,,
2021-09-22,T.N,flat_run,LOW,10.0,,,,
2021-09-22,VTRS.OQ,flat_run,LOW,10.0,,,,
2021-09-23,AMCR.N,flat_run,LOW,18.0,,,,
2021-09-23,FI.N,flat_run,LOW,11.0,,,,
2021-09-23,PCG.N,flat_run,LOW,12.0,,,,
2021-09-24,AMCR.N,flat_run,MEDIUM,23.0,,,,
2021-09-24,FI.N,flat_run,LOW,10.0,,,,
2021-09-27,FI.N,flat_run,LOW,10.0,,,,
2021-09-27,PCG.N,flat_run,LOW,13.0,,,,
2021-09-27,PPL.N,flat_run,LOW,11.0,,,,
2021-09-29,FI.N,flat_run,LOW,11.0,,,,
2021-09-30,FI.N,flat_run,LOW,10.0,,,,
2021-10-01,FI.N,flat_run,MEDIUM,23.0,,,,
2021-10-05,NVR.N,flat_run,LOW,10.0,,,,
2021-10-06,PCG.N,flat_run,LOW,12.0,,,,
2021-10-07,AMCR.N,flat_run,LOW,12.0,,,,
2021-10-11,AMCR.N,flat_run,LOW,11.0,,,,
2021-10-11,VTRS.OQ,flat_run,LOW,12.0,,,,
2021-10-15,AMCR.N,flat_run,LOW,16.0,,,,
2021-10-15,KMI.N,flat_run,LOW,10.0,,,,
2021-10-18,AMCR.N,flat_run,LOW,13.0,,,,
2021-10-18,NWSA.OQ,flat_run,LOW,11.0,,,,
2021-10-19,AMCR.N,flat_run,LOW,12.0,,,,
2021-10-19,PCG.N,flat_run,LOW,13.0,,,,
2021-10-19,VTRS.OQ,flat_run,LOW,11.0,,,,
2021-10-21,VTRS.OQ,flat_run,LOW,19.0,,,,
2021-10-25,AMCR.N,flat_run,LOW,11.0,,,,
2021-10-27,NI.N,flat_run,LOW,10.0,,,,
2021-10-28,AMCR.N,flat_run,LOW,10.0,,,,
2021-10-29,AMCR.N,flat_run,LOW,10.0,,,,
2021-11-02,D.N,flat_run,MEDIUM,48.0,,,,
2021-11-04,BIO.N,flat_run,LOW,19.0,,,,
2021-11-05,AMCR.N,flat_run,LOW,10.0,,,,
2021-11-05,NVR.N,flat_run,LOW,11.0,,,,
2021-11-09,AMCR.N,flat_run,LOW,10.0,,,,
2021-11-09,NDSN.OQ,flat_run,LOW,10.0,,,,
2021-11-09,PCG.N,flat_run,LOW,11.0,,,,
2021-11-11,AMCR.N,flat_run,MEDIUM,27.0,,,,
2021-11-15,AMCR.N,flat_run,LOW,16.0,,,,
2021-11-15,PCG.N,flat_run,LOW,11.0,,,,
2021-11-15,T.N,flat_run,LOW,10.0,,,,
2021-11-15,VTRS.OQ,flat_run,LOW,10.0,,,,
2021-11-17,BIO.N,flat_run,LOW,10.0,,,,
2021-11-17,HBAN.OQ,flat_run,LOW,14.0,,,,
2021-11-17,KMI.N,flat_run,LOW,12.0,,,,
2021-11-17,PCG.N,flat_run,LOW,12.0,,,,
2021-11-18,AMCR.N,flat_run,LOW,11.0,,,,
2021-11-19,AMCR.N,flat_run,LOW,13.0,,,,
2021-11-19,BIO.N,flat_run,LOW,10.0,,,,
2021-11-19,HPE.N,flat_run,LOW,10.0,,,,
2021-11-19,TFX.N,flat_run,LOW,11.0,,,,
2021-11-23,AMCR.N,flat_run,LOW,11.0,,,,
2021-11-24,HUBB.N,flat_run,LOW,10.0,,,,
2021-11-29,AMCR.N,flat_run,LOW,18.0,,,,
2021-12-08,AMCR.N,flat_run,LOW,13.0,,,,
2021-12-09,AMCR.N,flat_run,LOW,13.0,,,,
2021-12-10,AMCR.N,flat_run,LOW,10.0,,,,
2021-12-13,AMCR.N,flat_run,LOW,10.0,,,,
2021-12-16,PCG.N,flat_run,LOW,10.0,,,,
2021-12-22,NWSA.OQ,flat_run,LOW,12.0,,,,
2021-12-22,PCG.N,flat_run,LOW,10.0,,,,
2021-12-23,AMCR.N,flat_run,LOW,15.0,,,,
2021-12-23,PCG.N,flat_run,LOW,15.0,,,,
2021-12-23,TYL.N,flat_run,LOW,13.0,,,,
2021-12-27,AMCR.N,flat_run,MEDIUM,31.0,,,,
2021-12-27,BIO.N,flat_run,LOW,10.0,,,,
2021-12-27,KMI.N,flat_run,LOW,10.0,,,,
2021-12-27,PCG.N,flat_run,LOW,13.0,,,,
2021-12-28,AMCR.N,flat_run,MEDIUM,20.0,,,,
2021-12-28,BIO.N,flat_run,LOW,18.0,,,,
2021-12-29,AMCR.N,flat_run,LOW,19.0,,,,
2021-12-29,PCG.N,flat_run,LOW,10.0,,,,
2021-12-29,SNA.N,flat_run,LOW,12.0,,,,
2021-12-30,AMCR.N,flat_run,MEDIUM,25.0,,,,
2021-12-30,NDSN.OQ,flat_run,LOW,10.0,,,,
2021-12-30,NVR.N,flat_run,LOW,13.0,,,,
2021-12-31,AMCR.N,flat_run,LOW,14.0,,,,
2021-12-31,BIO.N,flat_run,LOW,12.0,,,,
2021-12-31,TYL.N,flat_run,LOW,13.0,,,,
2022-01-12,AMCR.N,flat_run,LOW,10.0,,,,
2022-01-13,AMCR.N,flat_run,LOW,11.0,,,,
2022-02-07,TDY.N,flat_run,LOW,11.0,,,,
2022-02-16,AMCR.N,flat_run,LOW,11.0,,,,
2022-02-24,MOH.N,nan_or_zero_or_negative,HIGH,,,2.0,0.0,0.0
2022-03-17,NVR.N,flat_run,LOW,13.0,,,,
2022-03-18,VTRS.OQ,flat_run,LOW,12.0,,,,
2022-03-23,AMCR.N,flat_run,LOW,13.0,,,,
2022-03-29,AMCR.N,flat_run,LOW,13.0,,,,
2022-03-31,AMCR.N,flat_run,LOW,11.0,,,,
2022-03-31,PCG.N,flat_run,LOW,10.0,,,,
2022-04-06,BIO.N,flat_run,LOW,10.0,,,,
2022-04-19,NWS.OQ,flat_run,LOW,10.0,,,,
2022-05-27,AMCR.N,flat_run,LOW,10.0,,,,
2022-06-08,AMCR.N,flat_run,LOW,12.0,,,,
2022-06-08,BIO.N,flat_run,LOW,10.0,,,,
2022-06-21,AMCR.N,flat_run,LOW,10.0,,,,
2022-07-06,IEX.N,extreme_jump,MEDIUM,,3.0,,,
2022-07-06,IR.N,extreme_jump,MEDIUM,,3.0,,,
2022-07-06,MS.N,extreme_jump,MEDIUM,,2.0,,,
2022-07-06,ROK.N,extreme_jump,MEDIUM,,2.0,,,
2022-07-06,WHR.N,extreme_jump,MEDIUM,,3.0,,,
2022-07-11,BIO.N,flat_run,LOW,10.0,,,,
2022-07-19,FICO.N,flat_run,LOW,11.0,,,,
2022-07-20,PCG.N,flat_run,LOW,10.0,,,,
2022-08-02,BIO.N,flat_run,LOW,14.0,,,,
2022-08-08,AMCR.N,flat_run,LOW,13.0,,,,
2022-08-09,AMCR.N,flat_run,LOW,12.0,,,,
2022-08-10,AMCR.N,flat_run,LOW,10.0,,,,
2022-08-10,PCG.N,flat_run,LOW,10.0,,,,
2022-08-12,MTD.N,flat_run,LOW,10.0,,,,
2022-08-12,T.N,flat_run,LOW,10.0,,,,
2022-08-18,BIO.N,flat_run,LOW,10.0,,,,
2022-08-18,VTRS.OQ,flat_run,LOW,10.0,,,,
2022-08-19,PCG.N,flat_run,LOW,10.0,,,,
2022-08-19,VTRS.OQ,flat_run,LOW,15.0,,,,
2022-08-22,MTD.N,flat_run,LOW,11.0,,,,
2022-08-24,AMCR.N,flat_run,LOW,11.0,,,,
2022-08-24,FDS.N,flat_run,LOW,12.0,,,,
2022-08-25,BIO.N,flat_run,LOW,10.0,,,,
2022-08-25,MKTX.OQ,flat_run,LOW,11.0,,,,
2022-09-08,BIO.N,flat_run,LOW,13.0,,,,
2022-09-15,NVR.N,flat_run,LOW,11.0,,,,
2022-09-20,BIO.N,flat_run,LOW,11.0,,,,
2022-10-05,BIO.N,flat_run,LOW,11.0,,,,
2022-10-12,BIO.N,flat_run,LOW,13.0,,,,
2022-10-19,BIO.N,flat_run,LOW,10.0,,,,
2022-10-25,VTRS.OQ,flat_run,LOW,11.0,,,,
2022-11-16,TDG.N,flat_run,LOW,10.0,,,,
2022-11-23,AMCR.N,flat_run,LOW,11.0,,,,
2022-11-28,VTRS.OQ,flat_run,LOW,10.0,,,,
2022-11-28,WAB.N,flat_run,LOW,10.0,,,,
2022-11-30,CRL.N,flat_run,MEDIUM,24.0,,,,
2022-11-30,CRL.N,extreme_jump,MEDIUM,,2.0,,,
2022-12-02,BIO.N,flat_run,LOW,12.0,,,,
2022-12-06,TDY.N,flat_run,LOW,10.0,,,,
2022-12-14,VTRS.OQ,flat_run,LOW,10.0,,,,
2022-12-16,BIO.N,flat_run,LOW,10.0,,,,
2022-12-20,BIO.N,flat_run,LOW,12.0,,,,
2022-12-21,BIO.N,flat_run,LOW,12.0,,,,
2022-12-21,NVR.N,flat_run,LOW,10.0,,,,
2022-12-22,BIO.N,flat_run,MEDIUM,20.0,,,,
2022-12-22,NVR.N,flat_run,LOW,12.0,,,,
2022-12-27,AMCR.N,flat_run,LOW,12.0,,,,
2022-12-27,BIO.N,flat_run,LOW,10.0,,,,
2022-12-28,AZO.N,flat_run,LOW,10.0,,,,
2022-12-29,HII.N,flat_run,LOW,15.0,,,,
2022-12-30,MTD.N,flat_run,LOW,11.0,,,,
2023-01-06,BIIB.OQ,nan_or_zero_or_negative,HIGH,,,0.0,60.0,0.0
2023-01-06,BIIB.OQ,extreme_jump,MEDIUM,,2.0,,,
2023-01-19,BIO.N,flat_run,LOW,12.0,,,,
2023-01-19,FICO.N,flat_run,LOW,14.0,,,,
2023-01-20,BIO.N,flat_run,LOW,12.0,,,,
2023-01-23,BIO.N,flat_run,LOW,14.0,,,,
2023-01-25,AMCR.N,flat_run,LOW,16.0,,,,
2023-01-27,NVR.N,flat_run,LOW,13.0,,,,
2023-01-30,BIO.N,flat_run,LOW,10.0,,,,
2023-02-07,BIO.N,flat_run,LOW,19.0,,,,
2023-02-09,AMCR.N,flat_run,LOW,12.0,,,,
2023-02-09,BIO.N,flat_run,LOW,15.0,,,,
2023-02-13,AMCR.N,flat_run,LOW,11.0,,,,
2023-02-13,HPE.N,flat_run,LOW,10.0,,,,
2023-02-15,TDY.N,flat_run,LOW,10.0,,,,
2023-02-23,NVR.N,flat_run,LOW,11.0,,,,
2023-02-27,FDS.N,flat_run,MEDIUM,21.0,,,,
2023-02-27,TDY.N,flat_run,LOW,12.0,,,,
2023-03-03,AMCR.N,flat_run,LOW,13.0,,,,
2023-03-06,AMCR.N,flat_run,LOW,16.0,,,,
2023-03-06,BIO.N,flat_run,LOW,11.0,,,,
2023-03-08,AMCR.N,flat_run,LOW,10.0,,,,
2023-03-09,AMCR.N,flat_run,LOW,15.0,,,,
2023-03-09,TDY.N,flat_run,LOW,11.0,,,,
2023-03-09,VTRS.OQ,flat_run,LOW,13.0,,,,
2023-03-13,CMA.N,extreme_jump,MEDIUM,,2.0,,,
2023-03-13,ZION.OQ,extreme_jump,MEDIUM,,2.0,,,
2023-03-22,GEN.OQ,flat_run,LOW,12.0,,,,
2023-03-22,VTRS.OQ,flat_run,LOW,11.0,,,,
2023-03-28,AMCR.N,flat_run,MEDIUM,28.0,,,,
2023-03-28,BIO.N,flat_run,LOW,12.0,,,,
2023-03-28,VTRS.OQ,flat_run,LOW,11.0,,,,
2023-03-28,WAT.N,flat_run,LOW,15.0,,,,
2023-03-29,AMCR.N,flat_run,LOW,12.0,,,,
2023-03-29,VTRS.OQ,flat_run,LOW,11.0,,,,
2023-03-30,AMCR.N,flat_run,LOW,10.0,,,,
2023-03-31,AMCR.N,flat_run,LOW,12.0,,,,
2023-03-31,BIO.N,flat_run,LOW,11.0,,,,
2023-03-31,VTRS.OQ,flat_run,LOW,14.0,,,,
2023-04-04,AMCR.N,flat_run,LOW,10.0,,,,
2023-04-10,BIO.N,flat_run,LOW,12.0,,,,
2023-04-11,PCG.N,flat_run,LOW,10.0,,,,
2023-04-11,VTRS.OQ,flat_run,LOW,11.0,,,,
2023-04-12,NWS.OQ,flat_run,LOW,14.0,,,,
2023-04-13,AMCR.N,flat_run,LOW,12.0,,,,
2023-04-13,NWS.OQ,flat_run,LOW,10.0,,,,
2023-04-14,AMCR.N,flat_run,LOW,10.0,,,,
2023-04-17,VTRS.OQ,flat_run,LOW,13.0,,,,
2023-04-18,BIO.N,flat_run,LOW,11.0,,,,
2023-04-18,VTRS.OQ,flat_run,LOW,14.0,,,,
2023-04-19,GEN.OQ,flat_run,LOW,10.0,,,,
2023-04-20,GEN.OQ,flat_run,LOW,17.0,,,,
2023-04-20,VTRS.OQ,flat_run,LOW,12.0,,,,
2023-04-24,AMCR.N,flat_run,LOW,11.0,,,,
2023-04-25,AMCR.N,flat_run,LOW,11.0,,,,
2023-04-25,NWS.OQ,flat_run,LOW,13.0,,,,
2023-04-25,VTRS.OQ,flat_run,LOW,13.0,,,,
2023-04-26,AMCR.N,flat_run,LOW,12.0,,,,
2023-04-26,NWSA.OQ,flat_run,LOW,10.0,,,,
2023-04-27,HPE.N,flat_run,LOW,10.0,,,,
2023-05-01,NWSA.OQ,flat_run,LOW,10.0,,,,
2023-05-04,KVUE.N,nan_or_zero_or_negative,HIGH,,,5.0,0.0,0.0
2023-05-04,KVUE.N,flat_run,MEDIUM,55.0,,,,
2023-05-08,BAX.N,flat_run,MEDIUM,24.0,,,,
2023-05-08,AMCR.N,flat_run,LOW,11.0,,,,
2023-05-09,AMCR.N,flat_run,LOW,10.0,,,,
2023-05-09,FICO.N,flat_run,LOW,10.0,,,,
2023-05-09,TDY.N,flat_run,LOW,12.0,,,,
2023-05-12,AMCR.N,flat_run,LOW,10.0,,,,
2023-05-15,AMCR.N,flat_run,LOW,12.0,,,,
2023-05-15,VTRS.OQ,flat_run,LOW,10.0,,,,
2023-05-16,AMCR.N,flat_run,LOW,14.0,,,,
2023-05-16,VTRS.OQ,flat_run,LOW,14.0,,,,
2023-05-18,EQR.N,flat_run,MEDIUM,26.0,,,,
2023-05-18,EQR.N,extreme_jump,MEDIUM,,2.0,,,
2023-05-31,AMCR.N,flat_run,LOW,12.0,,,,
2023-05-31,GEN.OQ,flat_run,LOW,10.0,,,,
2023-06-02,BIO.N,flat_run,LOW,16.0,,,,
2023-06-05,A.N,nan_or_zero_or_negative,HIGH,,,0.0,2.0,0.0
2023-06-05,ABBV.N,nan_or_zero_or_negative,HIGH,,,0.0,2.0,0.0
2023-06-05,ABT.N,nan_or_zero_or_negative,HIGH,,,0.0,2.0,0.0
2023-06-05,ACN.N,nan_or_zero_or_negative,HIGH,,,0.0,2.0,0.0
2023-06-05,ADM.N,nan_or_zero_or_negative,HIGH,,,0.0,2.0,0.0
2023-06-05,AEE.N,nan_or_zero_or_negative,HIGH,,,0.0,2.0,0.0
2023-06-05,AES.N,nan_or_zero_or_negative,HIGH,,,0.0,2.0,0.0
2023-06-05,AFL.N,nan_or_zero_or_negative,HIGH,,,0.0,2.0,0.0
2023-06-05,AIG.N,nan_or_zero_or_negative,HIGH,,,0.0,2.0,0.0
2023-06-05,AIZ.N,nan_or_zero_or_negative,HIGH,,,0.0,2.0,0.0
2023-06-05,AJG.N,nan_or_zero_or_negative,HIGH,,,0.0,2.0,0.0
2023-06-05,ALB.N,nan_or_zero_or_negative,HIGH,,,0.0,2.0,0.0
2023-06-05,ALK.N,nan_or_zero_or_negative,HIGH,,,0.0,2.0,0.0
2023-06-05,ALL.N,nan_or_zero_or_negative,HIGH,,,0.0,2.0,0.0
2023-06-05,ALLE.N,nan_or_zero_or_negative,HIGH,,,0.0,2.0,0.0
2023-06-05,AMCR.N,nan_or_zero_or_negative,HIGH,,,0.0,2.0,0.0
2023-06-05,AME.N,nan_or_zero_or_negative,HIGH,,,0.0,2.0,0.0
2023-06-05,AMP.N,nan_or_zero_or_negative,HIGH,,,0.0,2.0,0.0
2023-06-05,AMT.N,nan_or_zero_or_negative,HIGH,,,0.0,2.0,0.0
2023-06-05,ANET.N,nan_or_zero_or_negative,HIGH,,,0.0,2.0,0.0
2023-06-05,BALL.N,nan_or_zero_or_negative,HIGH,,,0.0,2.0,0.0
2023-06-05,BBWI.N,nan_or_zero_or_negative,HIGH,,,0.0,2.0,0.0
2023-06-05,BIO.N,nan_or_zero_or_negative,HIGH,,,0.0,2.0,0.0
2023-06-05,BK.N,nan_or_zero_or_negative,HIGH,,,0.0,2.0,0.0
2023-06-05,BLK.N,nan_or_zero_or_negative,HIGH,,,0.0,2.0,0.0
2023-06-05,BMY.N,nan_or_zero_or_negative,HIGH,,,0.0,2.0,0.0
2023-06-05,BR.N,nan_or_zero_or_negative,HIGH,,,0.0,2.0,0.0
2023-06-05,BRKb.N,nan_or_zero_or_negative,HIGH,,,0.0,2.0,0.0
2023-06-05,BRO.N,nan_or_zero_or_negative,HIGH,,,0.0,2.0,0.0
2023-06-05,BSX.N,nan_or_zero_or_negative,HIGH,,,0.0,2.0,0.0
2023-06-05,BWA.N,nan_or_zero_or_negative,HIGH,,,0.0,2.0,0.0
2023-06-05,BX.N,nan_or_zero_or_negative,HIGH,,,0.0,2.0,0.0
2023-06-05,BXP.N,nan_or_zero_or_negative,HIGH,,,0.0,2.0,0.0
2023-06-05,C.N,nan_or_zero_or_negative,HIGH,,,0.0,2.0,0.0
2023-06-05,CAG.N,nan_or_zero_or_negative,HIGH,,,0.0,2.0,0.0
2023-06-05,CAH.N,nan_or_zero_or_negative,HIGH,,,0.0,2.0,0.0
2023-06-05,CARR.N,nan_or_zero_or_negative,HIGH,,,0.0,2.0,0.0
2023-06-05,CAT.N,nan_or_zero_or_negative,HIGH,,,0.0,2.0,0.0
2023-06-05,CB.N,nan_or_zero_or_negative,HIGH,,,0.0,2.0,0.0
2023-06-05,CBOE.Z,nan_or_zero_or_negative,HIGH,,,0.0,2.0,0.0
2023-06-05,CBRE.N,nan_or_zero_or_negative,HIGH,,,0.0,2.0,0.0
2023-06-05,CCI.N,nan_or_zero_or_negative,HIGH,,,0.0,2.0,0.0
2023-06-05,CCL.N,nan_or_zero_or_negative,HIGH,,,0.0,2.0,0.0
2023-06-05,CDAY.N,nan_or_zero_or_negative,HIGH,,,0.0,2.0,0.0
2023-06-05,CE.N,nan_or_zero_or_negative,HIGH,,,0.0,2.0,0.0
2023-06-05,CF.N,nan_or_zero_or_negative,HIGH,,,0.0,2.0,0.0
2023-06-05,CFG.N,nan_or_zero_or_negative,HIGH,,,0.0,2.0,0.0
2023-06-05,CHD.N,nan_or_zero_or_negative,HIGH,,,0.0,2.0,0.0
2023-06-05,CI.N,nan_or_zero_or_negative,HIGH,,,0.0,2.0,0.0
2023-06-05,CL.N,nan_or_zero_or_negative,HIGH,,,0.0,2.0,0.0
2023-06-05,CLX.N,nan_or_zero_or_negative,HIGH,,,0.0,2.0,0.0
2023-06-05,CMA.N,nan_or_zero_or_negative,HIGH,,,0.0,2.0,0.0
2023-06-05,CMG.N,nan_or_zero_or_negative,HIGH,,,0.0,2.0,0.0
2023-06-05,CMI.N,nan_or_zero_or_negative,HIGH,,,0.0,2.0,0.0
2023-06-05,CMS.N,nan_or_zero_or_negative,HIGH,,,0.0,2.0,0.0
2023-06-05,CNC.N,nan_or_zero_or_negative,HIGH,,,0.0,2.0,0.0
2023-06-05,CNP.N,nan_or_zero_or_negative,HIGH,,,0.0,2.0,0.0
2023-06-05,COF.N,nan_or_zero_or_negative,HIGH,,,0.0,2.0,0.0
2023-06-05,COP.N,nan_or_zero_or_negative,HIGH,,,0.0,2.0,0.0
2023-06-05,CPB.N,nan_or_zero_or_negative,HIGH,,,0.0,2.0,0.0
2023-06-05,CPT.N,nan_or_zero_or_negative,HIGH,,,0.0,2.0,0.0
2023-06-05,CRL.N,nan_or_zero_or_negative,HIGH,,,0.0,2.0,0.0
2023-06-05,CRM.N,nan_or_zero_or_negative,HIGH,,,0.0,2.0,0.0
2023-06-05,CTLT.N,nan_or_zero_or_negative,HIGH,,,0.0,2.0,0.0
2023-06-05,CTRA.N,nan_or_zero_or_negative,HIGH,,,0.0,2.0,0.0
2023-06-05,CTVA.N,nan_or_zero_or_negative,HIGH,,,0.0,2.0,0.0
2023-06-05,CVS.N,nan_or_zero_or_negative,HIGH,,,0.0,2.0,0.0
2023-06-05,CVX.N,nan_or_zero_or_negative,HIGH,,,0.0,2.0,0.0
2023-06-05,D.N,nan_or_zero_or_negative,HIGH,,,0.0,2.0,0.0
2023-06-05,DAL.N,nan_or_zero_or_negative,HIGH,,,0.0,2.0,0.0
2023-06-05,DD.N,nan_or_zero_or_negative,HIGH,,,0.0,2.0,0.0
2023-06-05,DE.N,nan_or_zero_or_negative,HIGH,,,0.0,2.0,0.0
2023-06-05,DFS.N,nan_or_zero_or_negative,HIGH,,,0.0,2.0,0.0
2023-06-05,DG.N,nan_or_zero_or_negative,HIGH,,,0.0,2.0,0.0
2023-06-05,DGX.N,nan_or_zero_or_negative,HIGH,,,0.0,2.0,0.0
2023-06-05,DHI.N,nan_or_zero_or_negative,HIGH,,,0.0,2.0,0.0
2023-06-05,DHR.N,nan_or_zero_or_negative,HIGH,,,0.0,2.0,0.0
2023-06-05,DIS.N,nan_or_zero_or_negative,HIGH,,,0.0,2.0,0.0
2023-06-05,DLR.N,nan_or_zero_or_negative,HIGH,,,0.0,2.0,0.0
2023-06-05,DOV.N,nan_or_zero_or_negative,HIGH,,,0.0,2.0,0.0
2023-06-05,DOW.N,nan_or_zero_or_negative,HIGH,,,0.0,2.0,0.0
2023-06-05,DPZ.N,nan_or_zero_or_negative,HIGH,,,0.0,2.0,0.0
2023-06-05,DRI.N,nan_or_zero_or_negative,HIGH,,,0.0,2.0,0.0
2023-06-05,DTE.N,nan_or_zero_or_negative,HIGH,,,0.0,2.0,0.0
2023-06-05,DUK.N,nan_or_zero_or_negative,HIGH,,,0.0,2.0,0.0
2023-06-05,DVA.N,nan_or_zero_or_negative,HIGH,,,0.0,2.0,0.0
2023-06-05,DVN.N,nan_or_zero_or_negative,HIGH,,,0.0,2.0,0.0
2023-06-05,ECL.N,nan_or_zero_or_negative,HIGH,,,0.0,2.0,0.0
2023-06-05,ED.N,nan_or_zero_or_negative,HIGH,,,0.0,2.0,0.0
2023-06-05,EFX.N,nan_or_zero_or_negative,HIGH,,,0.0,2.0,0.0
2023-06-05,EIX.N,nan_or_zero_or_negative,HIGH,,,0.0,2.0,0.0
2023-06-05,EL.N,nan_or_zero_or_negative,HIGH,,,0.0,2.0,0.0
2023-06-05,ELV.N,nan_or_zero_or_negative,HIGH,,,0.0,2.0,0.0
2023-06-05,FRT.N,nan_or_zero_or_negative,HIGH,,,0.0,2.0,0.0
2023-06-05,FTV.N,nan_or_zero_or_negative,HIGH,,,0.0,2.0,0.0
2023-06-05,GD.N,nan_or_zero_or_negative,HIGH,,,0.0,2.0,0.0
2023-06-05,GE.N,nan_or_zero_or_negative,HIGH,,,0.0,2.0,0.0
2023-06-05,GIS.N,nan_or_zero_or_negative,HIGH,,,0.0,2.0,0.0
2023-06-05,GL.N,nan_or_zero_or_negative,HIGH,,,0.0,2.0,0.0
2023-06-05,GLW.N,nan_or_zero_or_negative,HIGH,,,0.0,2.0,0.0
2023-06-05,GRMN.N,nan_or_zero_or_negative,HIGH,,,0.0,2.0,0.0
2023-06-05,HWM.N,nan_or_zero_or_negative,HIGH,,,0.0,2.0,0.0
2023-06-05,IBM.N,nan_or_zero_or_negative,HIGH,,,0.0,2.0,0.0
2023-06-05,ICE.N,nan_or_zero_or_negative,HIGH,,,0.0,2.0,0.0
2023-06-05,IEX.N,nan_or_zero_or_negative,HIGH,,,0.0,2.0,0.0
2023-06-05,IFF.N,nan_or_zero_or_negative,HIGH,,,0.0,2.0,0.0
2023-06-05,INVH.N,nan_or_zero_or_negative,HIGH,,,0.0,2.0,0.0
2023-06-05,IP.N,nan_or_zero_or_negative,HIGH,,,0.0,2.0,0.0
2023-06-05,IPG.N,nan_or_zero_or_negative,HIGH,,,0.0,2.0,0.0
2023-06-05,IQV.N,nan_or_zero_or_negative,HIGH,,,0.0,2.0,0.0
2023-06-05,IR.N,nan_or_zero_or_negative,HIGH,,,0.0,2.0,0.0
2023-06-05,IRM.N,nan_or_zero_or_negative,HIGH,,,0.0,2.0,0.0
2023-06-05,IT.N,nan_or_zero_or_negative,HIGH,,,0.0,2.0,0.0
2023-06-05,ITW.N,nan_or_zero_or_negative,HIGH,,,0.0,2.0,0.0
2023-06-05,IVZ.N,nan_or_zero_or_negative,HIGH,,,0.0,2.0,0.0
2023-06-05,J.N,nan_or_zero_or_negative,HIGH,,,0.0,2.0,0.0
2023-06-05,JCI.N,nan_or_zero_or_negative,HIGH,,,0.0,2.0,0.0
2023-06-05,JNJ.N,nan_or_zero_or_negative,HIGH,,,0.0,2.0,0.0
2023-06-05,JNPR.N,nan_or_zero_or_negative,HIGH,,,0.0,2.0,0.0
2023-06-05,JPM.N,nan_or_zero_or_negative,HIGH,,,0.0,2.0,0.0
2023-06-05,K.N,nan_or_zero_or_negative,HIGH,,,0.0,2.0,0.0
2023-06-05,KEY.N,nan_or_zero_or_negative,HIGH,,,0.0,2.0,0.0
2023-06-05,KEYS.N,nan_or_zero_or_negative,HIGH,,,0.0,2.0,0.0
2023-06-05,KIM.N,nan_or_zero_or_negative,HIGH,,,0.0,2.0,0.0
2023-06-05,KMB.N,nan_or_zero_or_negative,HIGH,,,0.0,2.0,0.0
2023-06-05,KMI.N,nan_or_zero_or_negative,HIGH,,,0.0,2.0,0.0
2023-06-05,KMX.N,nan_or_zero_or_negative,HIGH,,,0.0,2.0,0.0
2023-06-05,KO.N,nan_or_zero_or_negative,HIGH,,,0.0,2.0,0.0
2023-06-05,KR.N,nan_or_zero_or_negative,HIGH,,,0.0,2.0,0.0
2023-06-05,KVUE.N,nan_or_zero_or_negative,HIGH,,,0.0,2.0,0.0
2023-06-05,L.N,nan_or_zero_or_negative,HIGH,,,0.0,2.0,0.0
2023-06-05,LDOS.N,nan_or_zero_or_negative,HIGH,,,0.0,2.0,0.0
2023-06-05,LEN.N,nan_or_zero_or_negative,HIGH,,,0.0,2.0,0.0
2023-06-05,LH.N,nan_or_zero_or_negative,HIGH,,,0.0,2.0,0.0
2023-06-05,LHX.N,nan_or_zero_or_negative,HIGH,,,0.0,2.0,0.0
2023-06-05,LIN.N,nan_or_zero_or_negative,HIGH,,,0.0,2.0,0.0
2023-06-05,LLY.N,nan_or_zero_or_negative,HIGH,,,0.0,2.0,0.0
2023-06-05,LMT.N,nan_or_zero_or_negative,HIGH,,,0.0,2.0,0.0
2023-06-05,LOW.N,nan_or_zero_or_negative,HIGH,,,0.0,2.0,0.0
2023-06-05,LUV.N,nan_or_zero_or_negative,HIGH,,,0.0,2.0,0.0
2023-06-05,LVS.N,nan_or_zero_or_negative,HIGH,,,0.0,2.0,0.0
2023-06-05,LW.N,nan_or_zero_or_negative,HIGH,,,0.0,2.0,0.0
2023-06-05,LYB.N,nan_or_zero_or_negative,HIGH,,,0.0,2.0,0.0
2023-06-05,LYV.N,nan_or_zero_or_negative,HIGH,,,0.0,2.0,0.0
2023-06-05,MA.N,nan_or_zero_or_negative,HIGH,,,0.0,2.0,0.0
2023-06-05,MAA.N,nan_or_zero_or_negative,HIGH,,,0.0,2.0,0.0
2023-06-05,MAS.N,nan_or_zero_or_negative,HIGH,,,0.0,2.0,0.0
2023-06-05,MCD.N,nan_or_zero_or_negative,HIGH,,,0.0,2.0,0.0
2023-06-05,MCK.N,nan_or_zero_or_negative,HIGH,,,0.0,2.0,0.0
2023-06-05,MCO.N,nan_or_zero_or_negative,HIGH,,,0.0,2.0,0.0
2023-06-05,MDT.N,nan_or_zero_or_negative,HIGH,,,0.0,2.0,0.0
2023-06-05,MET.N,nan_or_zero_or_negative,HIGH,,,0.0,2.0,0.0
2023-06-05,MGM.N,nan_or_zero_or_negative,HIGH,,,0.0,2.0,0.0
2023-06-05,MHK.N,nan_or_zero_or_negative,HIGH,,,0.0,2.0,0.0
2023-06-05,MKC.N,nan_or_zero_or_negative,HIGH,,,0.0,2.0,0.0
2023-06-05,MLM.N,nan_or_zero_or_negative,HIGH,,,0.0,2.0,0.0
2023-06-05,MMC.N,nan_or_zero_or_negative,HIGH,,,0.0,2.0,0.0
2023-06-05,MMM.N,nan_or_zero_or_negative,HIGH,,,0.0,2.0,0.0
2023-06-05,MO.N,nan_or_zero_or_negative,HIGH,,,0.0,2.0,0.0
2023-06-05,MOH.N,nan_or_zero_or_negative,HIGH,,,0.0,2.0,0.0
2023-06-05,MOS.N,nan_or_zero_or_negative,HIGH,,,0.0,2.0,0.0
2023-06-05,MPC.N,nan_or_zero_or_negative,HIGH,,,0.0,2.0,0.0
2023-06-05,MRK.N,nan_or_zero_or_negative,HIGH,,,0.0,2.0,0.0
2023-06-05,MRO.N,nan_or_zero_or_negative,HIGH,,,0.0,2.0,0.0
2023-06-05,MS.N,nan_or_zero_or_negative,HIGH,,,0.0,2.0,0.0
2023-06-05,MSCI.N,nan_or_zero_or_negative,HIGH,,,0.0,2.0,0.0
2023-06-05,MSI.N,nan_or_zero_or_negative,HIGH,,,0.0,2.0,0.0
2023-06-05,MTB.N,nan_or_zero_or_negative,HIGH,,,0.0,2.0,0.0
2023-06-05,MTD.N,nan_or_zero_or_negative,HIGH,,,0.0,2.0,0.0
2023-06-05,NCLH.N,nan_or_zero_or_negative,HIGH,,,0.0,2.0,0.0
2023-06-05,NEE.N,nan_or_zero_or_negative,HIGH,,,0.0,2.0,0.0
2023-06-05,NEM.N,nan_or_zero_or_negative,HIGH,,,0.0,2.0,0.0
2023-06-05,NI.N,nan_or_zero_or_negative,HIGH,,,0.0,2.0,0.0
2023-06-05,NKE.N,nan_or_zero_or_negative,HIGH,,,0.0,2.0,0.0
2023-06-05,NOC.N,nan_or_zero_or_negative,HIGH,,,0.0,2.0,0.0
2023-06-05,NOW.N,nan_or_zero_or_negative,HIGH,,,0.0,2.0,0.0
2023-06-05,RVTY.N,nan_or_zero_or_negative,HIGH,,,0.0,2.0,0.0
2023-06-05,SWK.N,nan_or_zero_or_negative,HIGH,,,0.0,2.0,0.0
2023-06-05,SYF.N,nan_or_zero_or_negative,HIGH,,,0.0,2.0,0.0
2023-06-05,SYK.N,nan_or_zero_or_negative,HIGH,,,0.0,2.0,0.0
2023-06-05,SYY.N,nan_or_zero_or_negative,HIGH,,,0.0,2.0,0.0
2023-06-05,T.N,nan_or_zero_or_negative,HIGH,,,0.0,2.0,0.0
2023-06-05,TAP.N,nan_or_zero_or_negative,HIGH,,,0.0,2.0,0.0
2023-06-05,TDG.N,nan_or_zero_or_negative,HIGH,,,0.0,2.0,0.0
2023-06-05,TDY.N,nan_or_zero_or_negative,HIGH,,,0.0,2.0,0.0
2023-06-05,TEL.N,nan_or_zero_or_negative,HIGH,,,0.0,2.0,0.0
2023-06-05,TFC.N,nan_or_zero_or_negative,HIGH,,,0.0,2.0,0.0
2023-06-05,TFX.N,nan_or_zero_or_negative,HIGH,,,0.0,2.0,0.0
2023-06-05,TGT.N,nan_or_zero_or_negative,HIGH,,,0.0,2.0,0.0
2023-06-05,TJX.N,nan_or_zero_or_negative,HIGH,,,0.0,2.0,0.0
2023-06-05,TMO.N,nan_or_zero_or_negative,HIGH,,,0.0,2.0,0.0
2023-06-05,TPR.N,nan_or_zero_or_negative,HIGH,,,0.0,2.0,0.0
2023-06-05,TRGP.N,nan_or_zero_or_negative,HIGH,,,0.0,2.0,0.0
2023-06-05,TRV.N,nan_or_zero_or_negative,HIGH,,,0.0,2.0,0.0
2023-06-05,TSN.N,nan_or_zero_or_negative,HIGH,,,0.0,2.0,0.0
2023-06-05,TT.N,nan_or_zero_or_negative,HIGH,,,0.0,2.0,0.0
2023-06-05,TXT.N,nan_or_zero_or_negative,HIGH,,,0.0,2.0,0.0
2023-06-05,TYL.N,nan_or_zero_or_negative,HIGH,,,0.0,2.0,0.0
2023-06-05,UDR.N,nan_or_zero_or_negative,HIGH,,,0.0,2.0,0.0
2023-06-05,UHS.N,nan_or_zero_or_negative,HIGH,,,0.0,2.0,0.0
2023-06-05,UNH.N,nan_or_zero_or_negative,HIGH,,,0.0,2.0,0.0
2023-06-05,UNP.N,nan_or_zero_or_negative,HIGH,,,0.0,2.0,0.0
2023-06-05,UPS.N,nan_or_zero_or_negative,HIGH,,,0.0,2.0,0.0
2023-06-05,URI.N,nan_or_zero_or_negative,HIGH,,,0.0,2.0,0.0
2023-06-05,USB.N,nan_or_zero_or_negative,HIGH,,,0.0,2.0,0.0
2023-06-05,V.N,nan_or_zero_or_negative,HIGH,,,0.0,2.0,0.0
2023-06-05,VFC.N,nan_or_zero_or_negative,HIGH,,,0.0,2.0,0.0
2023-06-05,VICI.N,nan_or_zero_or_negative,HIGH,,,0.0,2.0,0.0
2023-06-05,VLO.N,nan_or_zero_or_negative,HIGH,,,0.0,2.0,0.0
2023-06-05,VMC.N,nan_or_zero_or_negative,HIGH,,,0.0,2.0,0.0
2023-06-05,VTR.N,nan_or_zero_or_negative,HIGH,,,0.0,2.0,0.0
2023-06-05,VZ.N,nan_or_zero_or_negative,HIGH,,,0.0,2.0,0.0
2023-06-05,WAB.N,nan_or_zero_or_negative,HIGH,,,0.0,2.0,0.0
2023-06-05,WAT.N,nan_or_zero_or_negative,HIGH,,,0.0,2.0,0.0
2023-06-05,WEC.N,nan_or_zero_or_negative,HIGH,,,0.0,2.0,0.0
2023-06-05,WELL.N,nan_or_zero_or_negative,HIGH,,,0.0,2.0,0.0
2023-06-05,WFC.N,nan_or_zero_or_negative,HIGH,,,0.0,2.0,0.0
2023-06-05,WHR.N,nan_or_zero_or_negative,HIGH,,,0.0,2.0,0.0
2023-06-05,WM.N,nan_or_zero_or_negative,HIGH,,,0.0,2.0,0.0
2023-06-05,WMB.N,nan_or_zero_or_negative,HIGH,,,0.0,2.0,0.0
2023-06-05,WMT.N,nan_or_zero_or_negative,HIGH,,,0.0,2.0,0.0
2023-06-05,WRB.N,nan_or_zero_or_negative,HIGH,,,0.0,2.0,0.0
2023-06-05,WRK.N,nan_or_zero_or_negative,HIGH,,,0.0,2.0,0.0
2023-06-05,WST.N,nan_or_zero_or_negative,HIGH,,,0.0,2.0,0.0
2023-06-05,WY.N,nan_or_zero_or_negative,HIGH,,,0.0,2.0,0.0
2023-06-05,XOM.N,nan_or_zero_or_negative,HIGH,,,0.0,2.0,0.0
2023-06-05,XYL.N,nan_or_zero_or_negative,HIGH,,,0.0,2.0,0.0
2023-06-05,YUM.N,nan_or_zero_or_negative,HIGH,,,0.0,2.0,0.0
2023-06-05,ZBH.N,nan_or_zero_or_negative,HIGH,,,0.0,2.0,0.0
2023-06-05,ZTS.N,nan_or_zero_or_negative,HIGH,,,0.0,2.0,0.0
2023-06-05,AMCR.N,flat_run,LOW,10.0,,,,
2023-06-05,AON.N,flat_run,LOW,10.0,,,,
2023-06-05,AOS.N,flat_run,LOW,10.0,,,,
2023-06-05,APD.N,flat_run,LOW,10.0,,,,
2023-06-05,ARE.N,flat_run,LOW,10.0,,,,
2023-06-05,AVB.N,flat_run,LOW,10.0,,,,
2023-06-05,AVY.N,flat_run,LOW,10.0,,,,
2023-06-05,AZO.N,flat_run,LOW,10.0,,,,
2023-06-05,NVR.N,flat_run,LOW,10.0,,,,
2023-06-05,PAYC.N,flat_run,LOW,10.0,,,,
2023-06-05,PH.N,flat_run,LOW,10.0,,,,
2023-06-05,PKG.N,flat_run,LOW,10.0,,,,
2023-06-05,PNR.N,flat_run,LOW,10.0,,,,
2023-06-05,PSA.N,flat_run,LOW,10.0,,,,
2023-06-05,RJF.N,flat_run,LOW,10.0,,,,
2023-06-05,SNA.N,flat_run,LOW,10.0,,,,
2023-06-05,STE.N,flat_run,LOW,10.0,,,,
2023-06-05,A.N,extreme_jump,MEDIUM,,2.0,,,
2023-06-05,ABBV.N,extreme_jump,MEDIUM,,2.0,,,
2023-06-05,ABT.N,extreme_jump,MEDIUM,,2.0,,,
2023-06-05,ACN.N,extreme_jump,MEDIUM,,2.0,,,
2023-06-05,ADM.N,extreme_jump,MEDIUM,,2.0,,,
2023-06-05,AEE.N,extreme_jump,MEDIUM,,2.0,,,
2023-06-05,AES.N,extreme_jump,MEDIUM,,2.0,,,
2023-06-05,AFL.N,extreme_jump,MEDIUM,,2.0,,,
2023-06-05,AIG.N,extreme_jump,MEDIUM,,2.0,,,
2023-06-05,AIZ.N,extreme_jump,MEDIUM,,2.0,,,
2023-06-05,AJG.N,extreme_jump,MEDIUM,,2.0,,,
2023-06-05,ALB.N,extreme_jump,MEDIUM,,2.0,,,
2023-06-05,ALK.N,extreme_jump,MEDIUM,,2.0,,,
2023-06-05,ALL.N,extreme_jump,MEDIUM,,2.0,,,
2023-06-05,ALLE.N,extreme_jump,MEDIUM,,2.0,,,
2023-06-05,AMCR.N,extreme_jump,MEDIUM,,2.0,,,
2023-06-05,AME.N,extreme_jump,MEDIUM,,2.0,,,
2023-06-05,AMP.N,extreme_jump,MEDIUM,,2.0,,,
2023-06-05,AMT.N,extreme_jump,MEDIUM,,2.0,,,
2023-06-05,ANET.N,extreme_jump,MEDIUM,,2.0,,,
2023-06-05,BALL.N,extreme_jump,MEDIUM,,2.0,,,
2023-06-05,BBWI.N,extreme_jump,MEDIUM,,2.0,,,
2023-06-05,BIO.N,extreme_jump,MEDIUM,,2.0,,,
2023-06-05,BK.N,extreme_jump,MEDIUM,,2.0,,,
2023-06-05,BLK.N,extreme_jump,MEDIUM,,2.0,,,
2023-06-05,BMY.N,extreme_jump,MEDIUM,,2.0,,,
2023-06-05,BR.N,extreme_jump,MEDIUM,,2.0,,,
2023-06-05,BRKb.N,extreme_jump,MEDIUM,,2.0,,,
2023-06-05,BRO.N,extreme_jump,MEDIUM,,2.0,,,
2023-06-05,BSX.N,extreme_jump,MEDIUM,,2.0,,,
2023-06-05,BWA.N,extreme_jump,MEDIUM,,2.0,,,
2023-06-05,BX.N,extreme_jump,MEDIUM,,2.0,,,
2023-06-05,BXP.N,extreme_jump,MEDIUM,,2.0,,,
2023-06-05,C.N,extreme_jump,MEDIUM,,2.0,,,
2023-06-05,CAG.N,extreme_jump,MEDIUM,,2.0,,,
2023-06-05,CAH.N,extreme_jump,MEDIUM,,2.0,,,
2023-06-05,CARR.N,extreme_jump,MEDIUM,,2.0,,,
2023-06-05,CAT.N,extreme_jump,MEDIUM,,2.0,,,
2023-06-05,CB.N,extreme_jump,MEDIUM,,2.0,,,
2023-06-05,CBOE.Z,extreme_jump,MEDIUM,,2.0,,,
2023-06-05,CBRE.N,extreme_jump,MEDIUM,,2.0,,,
2023-06-05,CCI.N,extreme_jump,MEDIUM,,2.0,,,
2023-06-05,CCL.N,extreme_jump,MEDIUM,,2.0,,,
2023-06-05,CDAY.N,extreme_jump,MEDIUM,,2.0,,,
2023-06-05,CE.N,extreme_jump,MEDIUM,,2.0,,,
2023-06-05,CF.N,extreme_jump,MEDIUM,,2.0,,,
2023-06-05,CFG.N,extreme_jump,MEDIUM,,2.0,,,
2023-06-05,CHD.N,extreme_jump,MEDIUM,,2.0,,,
2023-06-05,CI.N,extreme_jump,MEDIUM,,2.0,,,
2023-06-05,CL.N,extreme_jump,MEDIUM,,2.0,,,
2023-06-05,CLX.N,extreme_jump,MEDIUM,,2.0,,,
2023-06-05,CMA.N,extreme_jump,MEDIUM,,2.0,,,
2023-06-05,CMG.N,extreme_jump,MEDIUM,,2.0,,,
2023-06-05,CMI.N,extreme_jump,MEDIUM,,2.0,,,
2023-06-05,CMS.N,extreme_jump,MEDIUM,,2.0,,,
2023-06-05,CNC.N,extreme_jump,MEDIUM,,2.0,,,
2023-06-05,CNP.N,extreme_jump,MEDIUM,,2.0,,,
2023-06-05,COF.N,extreme_jump,MEDIUM,,2.0,,,
2023-06-05,COP.N,extreme_jump,MEDIUM,,2.0,,,
2023-06-05,CPB.N,extreme_jump,MEDIUM,,2.0,,,
2023-06-05,CPT.N,extreme_jump,MEDIUM,,2.0,,,
2023-06-05,CRL.N,extreme_jump,MEDIUM,,2.0,,,
2023-06-05,CRM.N,extreme_jump,MEDIUM,,2.0,,,
2023-06-05,CTLT.N,extreme_jump,MEDIUM,,2.0,,,
2023-06-05,CTRA.N,extreme_jump,MEDIUM,,2.0,,,
2023-06-05,CTVA.N,extreme_jump,MEDIUM,,2.0,,,
2023-06-05,CVS.N,extreme_jump,MEDIUM,,2.0,,,
2023-06-05,CVX.N,extreme_jump,MEDIUM,,2.0,,,
2023-06-05,D.N,extreme_jump,MEDIUM,,2.0,,,
2023-06-05,DAL.N,extreme_jump,MEDIUM,,2.0,,,
2023-06-05,DD.N,extreme_jump,MEDIUM,,2.0,,,
2023-06-05,DE.N,extreme_jump,MEDIUM,,2.0,,,
2023-06-05,DFS.N,extreme_jump,MEDIUM,,2.0,,,
2023-06-05,DG.N,extreme_jump,MEDIUM,,2.0,,,
2023-06-05,DGX.N,extreme_jump,MEDIUM,,2.0,,,
2023-06-05,DHI.N,extreme_jump,MEDIUM,,2.0,,,
2023-06-05,DHR.N,extreme_jump,MEDIUM,,2.0,,,
2023-06-05,DIS.N,extreme_jump,MEDIUM,,2.0,,,
2023-06-05,DLR.N,extreme_jump,MEDIUM,,2.0,,,
2023-06-05,DOV.N,extreme_jump,MEDIUM,,2.0,,,
2023-06-05,DOW.N,extreme_jump,MEDIUM,,2.0,,,
2023-06-05,DPZ.N,extreme_jump,MEDIUM,,2.0,,,
2023-06-05,DRI.N,extreme_jump,MEDIUM,,2.0,,,
2023-06-05,DTE.N,extreme_jump,MEDIUM,,2.0,,,
2023-06-05,DUK.N,extreme_jump,MEDIUM,,2.0,,,
2023-06-05,DVA.N,extreme_jump,MEDIUM,,2.0,,,
2023-06-05,DVN.N,extreme_jump,MEDIUM,,2.0,,,
2023-06-05,ECL.N,extreme_jump,MEDIUM,,2.0,,,
2023-06-05,ED.N,extreme_jump,MEDIUM,,2.0,,,
2023-06-05,EFX.N,extreme_jump,MEDIUM,,2.0,,,
2023-06-05,EIX.N,extreme_jump,MEDIUM,,2.0,,,
2023-06-05,EL.N,extreme_jump,MEDIUM,,2.0,,,
2023-06-05,ELV.N,extreme_jump,MEDIUM,,2.0,,,
2023-06-05,FRT.N,extreme_jump,MEDIUM,,2.0,,,
2023-06-05,FTV.N,extreme_jump,MEDIUM,,2.0,,,
2023-06-05,GD.N,extreme_jump,MEDIUM,,2.0,,,
2023-06-05,GE.N,extreme_jump,MEDIUM,,2.0,,,
2023-06-05,GIS.N,extreme_jump,MEDIUM,,2.0,,,
2023-06-05,GL.N,extreme_jump,MEDIUM,,2.0,,,
2023-06-05,GLW.N,extreme_jump,MEDIUM,,2.0,,,
2023-06-05,GRMN.N,extreme_jump,MEDIUM,,2.0,,,
2023-06-05,HWM.N,extreme_jump,MEDIUM,,2.0,,,
2023-06-05,IBM.N,extreme_jump,MEDIUM,,2.0,,,
2023-06-05,ICE.N,extreme_jump,MEDIUM,,2.0,,,
2023-06-05,IEX.N,extreme_jump,MEDIUM,,2.0,,,
2023-06-05,IFF.N,extreme_jump,MEDIUM,,2.0,,,
2023-06-05,INVH.N,extreme_jump,MEDIUM,,2.0,,,
2023-06-05,IP.N,extreme_jump,MEDIUM,,2.0,,,
2023-06-05,IPG.N,extreme_jump,MEDIUM,,2.0,,,
2023-06-05,IQV.N,extreme_jump,MEDIUM,,2.0,,,
2023-06-05,IR.N,extreme_jump,MEDIUM,,2.0,,,
2023-06-05,IRM.N,extreme_jump,MEDIUM,,2.0,,,
2023-06-05,IT.N,extreme_jump,MEDIUM,,2.0,,,
2023-06-05,ITW.N,extreme_jump,MEDIUM,,2.0,,,
2023-06-05,IVZ.N,extreme_jump,MEDIUM,,2.0,,,
2023-06-05,J.N,extreme_jump,MEDIUM,,2.0,,,
2023-06-05,JCI.N,extreme_jump,MEDIUM,,2.0,,,
2023-06-05,JNJ.N,extreme_jump,MEDIUM,,2.0,,,
2023-06-05,JNPR.N,extreme_jump,MEDIUM,,2.0,,,
2023-06-05,JPM.N,extreme_jump,MEDIUM,,2.0,,,
2023-06-05,K.N,extreme_jump,MEDIUM,,2.0,,,
2023-06-05,KEY.N,extreme_jump,MEDIUM,,2.0,,,
2023-06-05,KEYS.N,extreme_jump,MEDIUM,,2.0,,,
2023-06-05,KIM.N,extreme_jump,MEDIUM,,2.0,,,
2023-06-05,KMB.N,extreme_jump,MEDIUM,,2.0,,,
2023-06-05,KMI.N,extreme_jump,MEDIUM,,2.0,,,
2023-06-05,KMX.N,extreme_jump,MEDIUM,,2.0,,,
2023-06-05,KO.N,extreme_jump,MEDIUM,,2.0,,,
2023-06-05,KR.N,extreme_jump,MEDIUM,,2.0,,,
2023-06-05,KVUE.N,extreme_jump,MEDIUM,,2.0,,,
2023-06-05,L.N,extreme_jump,MEDIUM,,2.0,,,
2023-06-05,LDOS.N,extreme_jump,MEDIUM,,2.0,,,
2023-06-05,LEN.N,extreme_jump,MEDIUM,,2.0,,,
2023-06-05,LH.N,extreme_jump,MEDIUM,,2.0,,,
2023-06-05,LHX.N,extreme_jump,MEDIUM,,2.0,,,
2023-06-05,LIN.N,extreme_jump,MEDIUM,,2.0,,,
2023-06-05,LLY.N,extreme_jump,MEDIUM,,2.0,,,
2023-06-05,LMT.N,extreme_jump,MEDIUM,,2.0,,,
2023-06-05,LOW.N,extreme_jump,MEDIUM,,2.0,,,
2023-06-05,LUV.N,extreme_jump,MEDIUM,,2.0,,,
2023-06-05,LVS.N,extreme_jump,MEDIUM,,2.0,,,
2023-06-05,LW.N,extreme_jump,MEDIUM,,2.0,,,
2023-06-05,LYB.N,extreme_jump,MEDIUM,,2.0,,,
2023-06-05,LYV.N,extreme_jump,MEDIUM,,2.0,,,
2023-06-05,MA.N,extreme_jump,MEDIUM,,2.0,,,
2023-06-05,MAA.N,extreme_jump,MEDIUM,,2.0,,,
2023-06-05,MAS.N,extreme_jump,MEDIUM,,2.0,,,
2023-06-05,MCD.N,extreme_jump,MEDIUM,,2.0,,,
2023-06-05,MCK.N,extreme_jump,MEDIUM,,2.0,,,
2023-06-05,MCO.N,extreme_jump,MEDIUM,,2.0,,,
2023-06-05,MDT.N,extreme_jump,MEDIUM,,2.0,,,
2023-06-05,MET.N,extreme_jump,MEDIUM,,2.0,,,
2023-06-05,MGM.N,extreme_jump,MEDIUM,,2.0,,,
2023-06-05,MHK.N,extreme_jump,MEDIUM,,2.0,,,
2023-06-05,MKC.N,extreme_jump,MEDIUM,,2.0,,,
2023-06-05,MLM.N,extreme_jump,MEDIUM,,2.0,,,
2023-06-05,MMC.N,extreme_jump,MEDIUM,,2.0,,,
2023-06-05,MMM.N,extreme_jump,MEDIUM,,2.0,,,
2023-06-05,MO.N,extreme_jump,MEDIUM,,2.0,,,
2023-06-05,MOH.N,extreme_jump,MEDIUM,,2.0,,,
2023-06-05,MOS.N,extreme_jump,MEDIUM,,2.0,,,
2023-06-05,MPC.N,extreme_jump,MEDIUM,,2.0,,,
2023-06-05,MRK.N,extreme_jump,MEDIUM,,2.0,,,
2023-06-05,MRO.N,extreme_jump,MEDIUM,,2.0,,,
2023-06-05,MS.N,extreme_jump,MEDIUM,,2.0,,,
2023-06-05,MSCI.N,extreme_jump,MEDIUM,,2.0,,,
2023-06-05,MSI.N,extreme_jump,MEDIUM,,2.0,,,
2023-06-05,MTB.N,extreme_jump,MEDIUM,,2.0,,,
2023-06-05,MTD.N,extreme_jump,MEDIUM,,2.0,,,
2023-06-05,NCLH.N,extreme_jump,MEDIUM,,2.0,,,
2023-06-05,NEE.N,extreme_jump,MEDIUM,,2.0,,,
2023-06-05,NEM.N,extreme_jump,MEDIUM,,2.0,,,
2023-06-05,NI.N,extreme_jump,MEDIUM,,2.0,,,
2023-06-05,NKE.N,extreme_jump,MEDIUM,,2.0,,,
2023-06-05,NOC.N,extreme_jump,MEDIUM,,2.0,,,
2023-06-05,NOW.N,extreme_jump,MEDIUM,,2.0,,,
2023-06-05,RVTY.N,extreme_jump,MEDIUM,,2.0,,,
2023-06-05,SWK.N,extreme_jump,MEDIUM,,2.0,,,
2023-06-05,SYF.N,extreme_jump,MEDIUM,,2.0,,,
2023-06-05,SYK.N,extreme_jump,MEDIUM,,2.0,,,
2023-06-05,SYY.N,extreme_jump,MEDIUM,,2.0,,,
2023-06-05,T.N,extreme_jump,MEDIUM,,2.0,,,
2023-06-05,TAP.N,extreme_jump,MEDIUM,,2.0,,,
2023-06-05,TDG.N,extreme_jump,MEDIUM,,2.0,,,
2023-06-05,TDY.N,extreme_jump,MEDIUM,,2.0,,,
2023-06-05,TEL.N,extreme_jump,MEDIUM,,2.0,,,
2023-06-05,TFC.N,extreme_jump,MEDIUM,,2.0,,,
2023-06-05,TFX.N,extreme_jump,MEDIUM,,2.0,,,
2023-06-05,TGT.N,extreme_jump,MEDIUM,,2.0,,,
2023-06-05,TJX.N,extreme_jump,MEDIUM,,2.0,,,
2023-06-05,TMO.N,extreme_jump,MEDIUM,,2.0,,,
2023-06-05,TPR.N,extreme_jump,MEDIUM,,2.0,,,
2023-06-05,TRGP.N,extreme_jump,MEDIUM,,2.0,,,
2023-06-05,TRV.N,extreme_jump,MEDIUM,,2.0,,,
2023-06-05,TSN.N,extreme_jump,MEDIUM,,2.0,,,
2023-06-05,TT.N,extreme_jump,MEDIUM,,2.0,,,
2023-06-05,TXT.N,extreme_jump,MEDIUM,,2.0,,,
2023-06-05,TYL.N,extreme_jump,MEDIUM,,2.0,,,
2023-06-05,UDR.N,extreme_jump,MEDIUM,,2.0,,,
2023-06-05,UHS.N,extreme_jump,MEDIUM,,2.0,,,
2023-06-05,UNH.N,extreme_jump,MEDIUM,,2.0,,,
2023-06-05,UNP.N,extreme_jump,MEDIUM,,2.0,,,
2023-06-05,UPS.N,extreme_jump,MEDIUM,,2.0,,,
2023-06-05,URI.N,extreme_jump,MEDIUM,,2.0,,,
2023-06-05,USB.N,extreme_jump,MEDIUM,,2.0,,,
2023-06-05,V.N,extreme_jump,MEDIUM,,2.0,,,
2023-06-05,VFC.N,extreme_jump,MEDIUM,,2.0,,,
2023-06-05,VICI.N,extreme_jump,MEDIUM,,2.0,,,
2023-06-05,VLO.N,extreme_jump,MEDIUM,,2.0,,,
2023-06-05,VMC.N,extreme_jump,MEDIUM,,2.0,,,
2023-06-05,VTR.N,extreme_jump,MEDIUM,,2.0,,,
2023-06-05,VZ.N,extreme_jump,MEDIUM,,2.0,,,
2023-06-05,WAB.N,extreme_jump,MEDIUM,,2.0,,,
2023-06-05,WAT.N,extreme_jump,MEDIUM,,2.0,,,
2023-06-05,WEC.N,extreme_jump,MEDIUM,,2.0,,,
2023-06-05,WELL.N,extreme_jump,MEDIUM,,2.0,,,
2023-06-05,WFC.N,extreme_jump,MEDIUM,,2.0,,,
2023-06-05,WHR.N,extreme_jump,MEDIUM,,2.0,,,
2023-06-05,WM.N,extreme_jump,MEDIUM,,2.0,,,
2023-06-05,WMB.N,extreme_jump,MEDIUM,,2.0,,,
2023-06-05,WMT.N,extreme_jump,MEDIUM,,2.0,,,
2023-06-05,WRB.N,extreme_jump,MEDIUM,,2.0,,,
2023-06-05,WRK.N,extreme_jump,MEDIUM,,2.0,,,
2023-06-05,WST.N,extreme_jump,MEDIUM,,2.0,,,
2023-06-05,WY.N,extreme_jump,MEDIUM,,2.0,,,
2023-06-05,XOM.N,extreme_jump,MEDIUM,,2.0,,,
2023-06-05,XYL.N,extreme_jump,MEDIUM,,2.0,,,
2023-06-05,YUM.N,extreme_jump,MEDIUM,,2.0,,,
2023-06-05,ZBH.N,extreme_jump,MEDIUM,,2.0,,,
2023-06-05,ZTS.N,extreme_jump,MEDIUM,,2.0,,,
2023-06-07,AMCR.N,flat_run,LOW,11.0,,,,
2023-06-08,AMCR.N,flat_run,LOW,16.0,,,,
2023-06-08,KDP.OQ,flat_run,LOW,10.0,,,,
2023-06-08,NVR.N,flat_run,LOW,10.0,,,,
2023-06-08,VTRS.OQ,flat_run,LOW,12.0,,,,
2023-06-14,PCG.N,flat_run,LOW,10.0,,,,
2023-06-20,AMCR.N,flat_run,LOW,10.0,,,,
2023-06-22,VTRS.OQ,flat_run,LOW,11.0,,,,
2023-06-23,NWS.OQ,flat_run,LOW,11.0,,,,
2023-06-23,NWSA.OQ,flat_run,LOW,11.0,,,,
2023-06-26,AMCR.N,flat_run,LOW,13.0,,,,
2023-06-27,REGN.OQ,nan_or_zero_or_negative,HIGH,,,0.0,45.0,0.0
2023-06-27,AMCR.N,flat_run,LOW,11.0,,,,
2023-06-27,BIO.N,flat_run,LOW,12.0,,,,
2023-06-27,TDY.N,flat_run,LOW,13.0,,,,
2023-06-27,REGN.OQ,extreme_jump,MEDIUM,,2.0,,,
2023-06-29,AMCR.N,flat_run,LOW,11.0,,,,
2023-07-05,AMCR.N,flat_run,LOW,10.0,,,,
2023-07-06,VTRS.OQ,flat_run,LOW,13.0,,,,
2023-07-07,AMCR.N,flat_run,LOW,12.0,,,,
2023-07-07,TDY.N,flat_run,LOW,12.0,,,,
2023-07-13,WST.N,flat_run,LOW,10.0,,,,
2023-07-17,AMCR.N,flat_run,LOW,11.0,,,,
2023-07-18,AMCR.N,flat_run,LOW,10.0,,,,
2023-07-18,BIO.N,flat_run,LOW,17.0,,,,
2023-07-18,TYL.N,flat_run,LOW,10.0,,,,
2023-07-20,AMCR.N,flat_run,LOW,15.0,,,,
2023-07-20,BIO.N,flat_run,LOW,13.0,,,,
2023-07-21,AMCR.N,flat_run,LOW,13.0,,,,
2023-07-21,GEN.OQ,flat_run,LOW,11.0,,,,
2023-07-24,AMCR.N,flat_run,LOW,10.0,,,,
2023-07-24,GEN.OQ,flat_run,LOW,11.0,,,,
2023-07-25,AMCR.N,flat_run,LOW,11.0,,,,
2023-07-25,F.N,flat_run,LOW,12.0,,,,
2023-07-25,HST.OQ,flat_run,LOW,11.0,,,,
2023-07-25,VTRS.OQ,flat_run,LOW,12.0,,,,
2023-07-26,NWS.OQ,flat_run,LOW,10.0,,,,
2023-07-26,NWSA.OQ,flat_run,LOW,10.0,,,,
2023-08-01,AMCR.N,flat_run,LOW,15.0,,,,
2023-08-02,NVR.N,flat_run,LOW,11.0,,,,
2023-08-03,BFb.N,flat_run,LOW,10.0,,,,
2023-08-04,AMCR.N,flat_run,LOW,19.0,,,,
2023-08-07,HBAN.OQ,flat_run,LOW,10.0,,,,
2023-08-08,CMG.N,flat_run,LOW,10.0,,,,
2023-08-08,T.N,flat_run,LOW,14.0,,,,
2023-08-10,AMCR.N,flat_run,LOW,14.0,,,,
2023-08-11,AMCR.N,flat_run,LOW,10.0,,,,
2023-08-14,VTRS.OQ,flat_run,LOW,12.0,,,,
2023-08-15,AMCR.N,flat_run,LOW,13.0,,,,
2023-08-15,BIO.N,flat_run,LOW,15.0,,,,
2023-08-15,CMG.N,flat_run,LOW,11.0,,,,
2023-08-15,IEX.N,flat_run,LOW,11.0,,,,
2023-08-16,AMCR.N,flat_run,LOW,15.0,,,,
2023-08-18,AMCR.N,flat_run,MEDIUM,22.0,,,,
2023-08-18,TFX.N,flat_run,LOW,10.0,,,,
2023-08-21,AMCR.N,flat_run,LOW,10.0,,,,
2023-08-22,F.N,flat_run,LOW,11.0,,,,
2023-08-22,KMI.N,flat_run,LOW,10.0,,,,
2023-08-22,VTRS.OQ,flat_run,LOW,10.0,,,,
2023-08-23,AMCR.N,flat_run,LOW,10.0,,,,
2023-08-23,BIO.N,flat_run,LOW,12.0,,,,
2023-08-23,WBD.OQ,flat_run,LOW,10.0,,,,
2023-08-24,AMCR.N,flat_run,LOW,14.0,,,,
2023-08-25,AMCR.N,flat_run,LOW,12.0,,,,
2023-08-28,T.N,flat_run,MEDIUM,21.0,,,,
2023-08-28,AMCR.N,flat_run,LOW,11.0,,,,
2023-08-28,VTRS.OQ,flat_run,LOW,19.0,,,,
2023-08-29,BIO.N,flat_run,LOW,11.0,,,,
2023-08-29,HBAN.OQ,flat_run,LOW,10.0,,,,
2023-08-29,KMI.N,flat_run,LOW,12.0,,,,
2023-08-30,CMG.N,flat_run,LOW,10.0,,,,
2023-08-30,HBAN.OQ,flat_run,LOW,10.0,,,,
2023-08-30,NWSA.OQ,flat_run,LOW,10.0,,,,
2023-08-30,VTRS.OQ,flat_run,LOW,11.0,,,,
2023-08-31,AMCR.N,flat_run,LOW,11.0,,,,
2023-08-31,FDS.N,flat_run,LOW,12.0,,,,
2023-08-31,FICO.N,flat_run,LOW,11.0,,,,
2023-08-31,T.N,flat_run,LOW,16.0,,,,
2023-08-31,VTRS.OQ,flat_run,LOW,11.0,,,,
2023-09-01,AMCR.N,flat_run,LOW,11.0,,,,
2023-09-01,TDY.N,flat_run,LOW,11.0,,,,
2023-09-05,AMCR.N,flat_run,LOW,11.0,,,,
2023-09-05,F.N,flat_run,LOW,10.0,,,,
2023-09-05,T.N,flat_run,LOW,13.0,,,,
2023-09-08,T.N,flat_run,LOW,16.0,,,,
2023-09-11,AMCR.N,flat_run,LOW,12.0,,,,
2023-09-12,AMCR.N,flat_run,LOW,13.0,,,,
2023-09-12,FICO.N,flat_run,LOW,14.0,,,,
2023-09-12,T.N,flat_run,LOW,10.0,,,,
2023-09-14,CMG.N,flat_run,LOW,12.0,,,,
2023-09-14,HBAN.OQ,flat_run,LOW,11.0,,,,
2023-09-14,NWS.OQ,flat_run,LOW,10.0,,,,
2023-09-14,NWSA.OQ,flat_run,LOW,10.0,,,,
2023-09-15,AMCR.N,flat_run,MEDIUM,28.0,,,,
2023-09-15,HBAN.OQ,flat_run,LOW,11.0,,,,
2023-09-15,NWS.OQ,flat_run,LOW,10.0,,,,
2023-09-18,VTRS.OQ,flat_run,LOW,11.0,,,,
2023-09-19,AMCR.N,flat_run,MEDIUM,22.0,,,,
2023-09-19,GEN.OQ,flat_run,LOW,10.0,,,,
2023-09-19,HPE.N,flat_run,LOW,10.0,,,,
2023-09-19,VTRS.OQ,flat_run,LOW,14.0,,,,
2023-09-20,AMCR.N,flat_run,LOW,11.0,,,,
2023-09-20,AMP.N,flat_run,LOW,14.0,,,,
2023-09-20,HBAN.OQ,flat_run,LOW,15.0,,,,
2023-09-20,KVUE.N,flat_run,LOW,10.0,,,,
2023-09-20,NVR.N,flat_run,LOW,10.0,,,,
2023-09-20,NWSA.OQ,flat_run,LOW,14.0,,,,
2023-09-20,PPL.N,flat_run,LOW,16.0,,,,
2023-09-20,VTRS.OQ,flat_run,LOW,10.0,,,,
2023-09-21,AMCR.N,flat_run,LOW,11.0,,,,
2023-09-22,AMCR.N,flat_run,LOW,17.0,,,,
2023-09-22,BIO.N,flat_run,LOW,10.0,,,,
2023-09-22,HBAN.OQ,flat_run,LOW,11.0,,,,
2023-09-22,VTRS.OQ,flat_run,LOW,17.0,,,,
2023-09-25,BIO.N,flat_run,LOW,10.0,,,,
2023-09-26,AMCR.N,flat_run,LOW,10.0,,,,
2023-09-26,VTRS.OQ,flat_run,LOW,16.0,,,,
2023-10-03,AMCR.N,flat_run,LOW,13.0,,,,
2023-10-03,BIO.N,flat_run,LOW,12.0,,,,
2023-10-10,AMCR.N,flat_run,LOW,11.0,,,,
2023-10-11,AMCR.N,flat_run,LOW,11.0,,,,
2023-10-11,BIO.N,flat_run,LOW,15.0,,,,
2023-10-11,HBAN.OQ,flat_run,LOW,10.0,,,,
2023-10-12,AMCR.N,flat_run,LOW,10.0,,,,
2023-10-13,AMCR.N,flat_run,LOW,10.0,,,,
2023-10-16,VTRS.OQ,flat_run,LOW,11.0,,,,
